post_id,username,is_verified,text,like_count,reply_count,repost_count,quote_count,reshare_count,is_reply,permalink,taken_at,timestamp,search_keyword,post_date,taken_at_tpe,is_zh_tw,is_commercial,post_category
3865540510832878143_63252678885,niniii___1007,False,"不知道會不會實現 
但先記錄一下昨晚睡前腦中浮出的想法

目前在澳洲打工度假，第一年簽證到5月底結束
結束後要帶著存到的至少三十萬玩三個月

要飛去印尼 然後往上玩新加坡、馬來西亞、柬埔寨、寮國/越南、廣西、成都、重慶、西安、川西、北京、內蒙古",19,1,0,0,0,False,https://www.threads.net/@niniii___1007/post/DWlKJ01E2I_,1775028359,2026-04-01 07:25:59+00:00,越南簽證,2026-04-01,2026-04-01 15:25:59,True,False,越南簽證/快速通關
3865477257767232395_63081331161,wei_6201,False,"越南簽證
歡迎詢問",0,1,0,0,0,False,https://www.threads.net/@wei_6201/post/DWk7xX0kSOL,1775020819,2026-04-01 05:20:19+00:00,越南簽證,2026-04-01,2026-04-01 13:20:19,True,False,越南簽證/快速通關
3865077310227978814_63430066910,1017_cing,False,"前幾天試著自己申請的越南簽證
順利申請到了😆😆😆😆
嗚嗚省下的代辦費可以吃牛肉河粉
真的沒有想像中困難",49,10,0,0,4,False,https://www.threads.net/@1017_cing/post/DWjg1Xpj5o-,1774973141,2026-03-31 16:05:41+00:00,越南簽證,2026-03-31,2026-04-01 00:05:41,True,False,越南簽證/快速通關
3865728612415273452_73231892046,flyfree0920,False,這次某些原因在戰爭前兩週取消了阿聯酋，把機票換成越航由胡志明轉機到歐洲，買完以後查了一下官網發現應該符合參加免費的半日遊資格，就寫email 到越航台北服務處，要稱讚真的是很棒的效率，很快就幫忙確認且訂好半日遊，內容包括免費簽證、行程、餐點（中餐或晚餐）、住宿休息、與機場接送。一下飛機走沒幾步就有人舉姓名牌非常快速就把我認領走，只要攜帶一張2寸照片抵達後有專人協助，簽證五分鐘就好了😂辦好後先去排移民關出去，他們交接的很好，有人會認得你，馬上就跑來領走，繼續下一關卡，最後就是把你交到導遊手上開啟半日遊的行程，講解也是很專業，吃什麼也是可以跟導遊討論，大概平均每人吃喝了13萬越南盾，然後回飯店約定一個接回機場的時間。整個體驗很順暢又有品質，挺出乎意料的。,3,0,0,0,0,False,https://www.threads.net/@flyfree0920/post/DWl07EFE3ns,1775050783,2026-04-01 13:39:43+00:00,越南簽證,2026-04-01,2026-04-01 21:39:43,True,False,越南簽證/快速通關
3861446170972379363_64758384229,jj_foodieandtravel,False,"在線急求問
有沒有人去越南出發前一週
發現簽證名字有問題
已經沒有出錯的餘地
我自己有問了協助代辦處理的單位
但現在詐騙很多，又怕被詐騙簽證還沒辦好
還是我應該現在馬上重辦？
能不能有過來人來回答一下",6,16,0,0,0,False,https://www.threads.net/@jj_foodieandtravel/post/DWWnNVsGdjj,1774540276,2026-03-26 15:51:16+00:00,越南簽證,2026-03-26,2026-03-26 23:51:16,True,False,越南簽證/快速通關
3866187923046213593_67182194284,blossom_visa,False,"明天要出發峴港，剛剛終於順利拿到簽證！

昨晚還很緊張查了好多急件催簽的代辦，台灣的都超級貴（尤其越南簽證王，根本暴利），嚇歪我🤪

後來找到一個代辦，比芳蓉還便宜一點點（因為芳蓉回覆太慢不然我本來已經篤定要找她催簽），重點是人非常公道～～

這個代辦知道我是這週一申請的，就老實跟我說通常3個工作天就能拿到簽證，叫我先不用催簽，如果今天沒拿到再緊急走批文。結果剛剛就順利收到簽證啦，現省一筆✌🏻

以下分享價格給大家參考：
隔日晚上6點出電子簽：$1500（不含自己申請的25美金）
隔日中午出批文：$900（到當地還要給海關25美金，不需另外申請電子簽，類似落地簽的概念）

有需要的人可以私我～不是詐騙！！！🤣🤣",14,11,0,0,4,False,https://www.threads.net/@blossom_visa/post/DWndW6cEyfZ,1775105537,2026-04-02 04:52:17+00:00,越南簽證,2026-04-02,2026-04-02 12:52:17,True,False,越南簽證/快速通關
3866161735404725710_39395704744,gola_visa_booking,False,"欸，這幾年去越南旅遊真的超夯，但拜託機票訂完第一件事先看簽證！
真的不要到機場才在那邊哭🥲

Gola編專業提醒一下：
📍 台灣 / 中國 / 香港 / 澳門 旅客
必須申請「越南電子簽 (E-visa)」才能入境唷！最長可停留 90 天！
📍 新加坡 / 馬來西亞 旅客
超幸運！享有 30 天免簽入境。但超過一樣要乖乖辦手續唷！

雖然電子簽可以自己上網弄，但最煩的就是資料填錯被退件，又要重新等好幾天

如果你是那種懶得研究細節，或是出發時間很趕的人，可以交給我們專業的來唷！
最快一個工作天就能拿到，還有人幫你檢查資料，真的不需要為了省一點點手續費去冒被退件的風險吧？

畢竟機票跟飯店都訂了，卡在簽證真的會嘔死🫠🫠
臨時起意決定去越南的人，別說我沒提醒你 → https://www.golavisa.co/

你們上次出發前多久才想到辦簽證？",32,15,4,1,29,False,https://www.threads.net/@gola_visa_booking/post/DWnXZ1TAaXO,1775102415,2026-04-02 04:00:15+00:00,越南簽證,2026-04-02,2026-04-02 12:00:15,True,False,越南簽證/快速通關
3866433871167997288_71422163697,lttltc,False,"不懂就問
4月1號上網填咗資料，4月6號夜晚出發，有可能出到簽證嗎？ 
上網睇正常三至五日，但撞正復活節假期，紅日呢啲計唔計工作日？請問係跟香港定越南嘅紅日？ 
如果Touch Wood簽唔到，唯一方法係落地簽嗎？",0,5,0,0,1,False,https://www.threads.net/@lttltc/post/DWoVR7egcVo,1775134856,2026-04-02 13:00:56+00:00,越南簽證,2026-04-02,2026-04-02 21:00:56,True,False,越南簽證/快速通關
3866293400614688052_63231531687,christine_in78,False,我越南簽證1200還是1400而已耶,0,1,0,0,0,True,https://www.threads.net/@christine_in78/post/DWn1V0FE1U0,1775118111,2026-04-02 08:21:51+00:00,越南簽證,2026-04-02,2026-04-02 16:21:51,True,False,越南簽證/快速通關
3867133065194258907_69006617633,cheweii1995,False,"你越南簽證到什麼時候？要檢查一下喔！！
我上次也是改隔天，賠班機延誤唷，共$10000（4hr是$5000）",0,1,0,0,0,True,https://www.threads.net/@cheweii1995/post/DWq0QiqEkHb,1775218207,2026-04-03 12:10:07+00:00,越南簽證,2026-04-03,2026-04-03 20:10:07,True,False,越南簽證/快速通關
3867803476671159506_68706389296,kangcandy.tw,False,想詢問辦理越南電子簽的前輩們，match 度64的話會過簽嗎？照片昨天才剛拍。但護照明年才到期，這樣要怎麼辦呀= =,2,11,0,0,0,False,https://www.threads.net/@kangcandy.tw/post/DWtMsUAAVzS,1775298126,2026-04-04 10:22:06+00:00,越南簽證,2026-04-04,2026-04-04 18:22:06,True,False,越南簽證/快速通關
3819057134520343814_63447495066,kellystaste.tw,False,"給第一次跟團去越南的你10個小提醒✅：

1. 越南簽證有電子簽或落地簽，跟團依旅行社規定。皆需準備半年內拍攝的兩吋彩色白底大頭照(不可與護照相片一樣)
2. 2026年開始只能找合法有證照的兌換處，抓到會罰款和沒收。(越盾建議換剛好，盡量在越南花完就好)
3. 飯店床頭要放小費，觀光客聚集地區的公廁也會收小費，建議多留幾張小面額。
4. 參觀宗教或政治場所，禁止穿無袖或膝蓋以上的短褲短裙。
5. 行人過馬路的訣竅：踏出去之後不要停，保持穩定速度不要忽快忽慢，機車騎士會自動繞開。
6. 到處都是氣派漂亮的咖啡廳，但飲料和餐點都很平價。
7. 常見的伴手禮：咖啡、腰果、綠豆糕、果乾
8. 越南盾換算口訣：扣3個0再✖️1.2
9. 冬天的北越是會冷的，遇到下雨氣溫會更低，還是要帶長袖和外套。
10. 北越、中越和南越各有不同特色和玩法(來問我可以幫你推薦😉)",178,29,10,2,174,False,https://www.threads.net/@kellystaste.tw/post/DUABDrIAZ0G,1769487109,2026-01-27 04:11:49+00:00,越南簽證,2026-01-27,2026-01-27 12:11:49,True,False,越南簽證/快速通關
3867650687505097319_80037290740,pierrehsu_new,False,"- 切記 -

『加熱菸跟電子菸』

昨天一如繼往過海關的時候
一經過X光機三雙眼睛同時看著我
然後第一位海關把我帶到邊邊過來問我
身上有帶菸嗎？
我拿出我的IQOS
你到知道這在越南不合法嗎？她說
我心想，可是越南路邊一堆人在兜售？

 之後等進去小房間之前
她問我一些問題
來玩幾天、帶多少錢、有沒有來過越南之類的問題
我準備走進去小房間之前
前面也一位拿著綠色護照的台灣人剛走出來
看來應該也是一位剛被攔截的苦主之一

在等待的時間
我上網查了一下關於越南持有加熱菸的相關資訊
資訊不太多，基本上都是說2025開始禁止這樣

好了！輪到我之後，她就借我的護照
登記一些資料並說這些只是一次性使用
不會造成你之後進來越南的困擾
而且今天這邊結束之後，你可以繼續你後續的行程
也可以順利的回到你的家鄉

最後，我以為只是沒收機器跟菸
天真的想法馬上就被打翻
需要罰緩
我看著單子上面寫著
3,000,000VND~10,000,000VND
嗯🙃🙃🙃🙃🙃
我被罰了300萬等於台幣大概3,640

因為你是初犯，我幫你降為最低的罰款
然後拿出匯率計算機，問我要以什麼方式付款",346,59,1,0,244,False,https://www.threads.net/@pierrehsu_new/post/DWsp88ACWJn,1775279912,2026-04-04 05:18:32+00:00,越南簽證,2026-04-04,2026-04-04 13:18:32,True,False,越南簽證/快速通關
3867903155271525649_63426689325,sonyafock,False,"🇻🇳 去咗十日河內，性價比好高，大推！
最鍾意喺街邊坐膠凳仔食嘢飲嘢，夠曬地
按摩、越式洗頭都平靚正，
過馬路唔難，最緊要膽大心細、唔好驚

P人bookmark咗幾十個📍，試咗Dope嘅就轉心心
整理咗個List俾大家，有興趣就Save laa~~ 

** 真心，河內機票一千左右，個半鐘機程就到，簽證都係USD15 ，洗費又平 🐒 喂，好過北上",210,42,1,4,272,False,https://www.threads.net/@sonyafock/post/DWtjW07kmUR,1775310008,2026-04-04 13:40:08+00:00,越南簽證,2026-04-04,2026-04-04 21:40:08,True,False,越南簽證/快速通關
3867724357318179338_63091912288,jca.h,False,我4/12要出發😅,0,1,0,0,0,True,https://www.threads.net/@jca.h/post/DWs6s-XE3oK,1775288694,2026-04-04 07:44:54+00:00,越南簽證,2026-04-04,2026-04-04 15:44:54,True,False,其他
3866929447262294713_63548822612,ericlin1029,False,去越南旅遊需要注意什麼🤔？,2,14,0,0,0,False,https://www.threads.net/@ericlin1029/post/DWqF9grkRK5,1775193933,2026-04-03 05:25:33+00:00,越南簽證,2026-04-03,2026-04-03 13:25:33,True,False,越南簽證/快速通關
3867839122929911198_73159965343,killthennie,False,"真不想一個人去越南…上次去就很不愉快了 這次航變被迫滯留兩天在胡志明
已經打算在酒店躺完這兩天了",55,39,1,0,2,False,https://www.threads.net/@killthennie/post/DWtUzCKmIWe,1775302375,2026-04-04 11:32:55+00:00,越南簽證,2026-04-04,2026-04-04 19:32:55,True,False,越南簽證/快速通關
3867659760649284764_39395704744,gola_visa_booking,False,"小編來了～～🙋‍♀️
美食推薦Pizza 4’p、cocotte是平價法式料理、越南的法國麵包也是要嘗試的（隨便路邊買或是吃人氣店都不錯）、鐵鍋河粉也很推

會喝咖啡的話，Little HaNoi的蛋咖啡跟貢咖啡的椰子冰沙咖啡都是小編的愛😍

可以安排一天穿奧黛去各大景點拍照，很出片！
咖啡公寓、粉紅教堂、中央郵局+書街、胡志明戲院都很好拍唷～

最後要記得辦簽證唷！歡迎找我們代辦～🙋‍♀️",1,1,0,0,0,True,https://www.threads.net/@gola_visa_booking/post/DWssA-Bkqyc,1775280994,2026-04-04 05:36:34+00:00,越南簽證,2026-04-04,2026-04-04 13:36:34,True,False,越南簽證/快速通關
3868294246478987698_68678018728,nawe0405,False,"去越南旅遊多次，簽證系統依然是個謎 🌀 ​雖然現在官網更新可以「退件修改」，但有時候「人品測試」才是關鍵：
 1️⃣ 檢查 3 次也沒用： 曾遇過護照號碼被系統自動寫錯，現場直接廢掉。 
2️⃣ 資料不全陷阱： 全家 7 人只有我一直收到不全通知，無限循環失敗。
 3️⃣ 隱形成本： 最後多花 2 倍錢找代辦（總共花了 3 倍錢才拿到 😭

​如果你也打算自己辦越南簽證： 
✅ 務必預留至少 2 週以上的作業時間。 
✅ 如果被退件 2 次以上，請立刻轉找代辦，不要跟它硬碰硬！ ​

只能說大家：出國玩，能花錢解決的都是小事，拿不到簽證才是大事。 

#越南旅遊 #簽證",25,17,0,0,100,False,https://www.threads.net/@nawe0405/post/DWu8R9AEUGy,1775356630,2026-04-05 02:37:10+00:00,越南簽證,2026-04-05,2026-04-05 10:37:10,True,False,越南簽證/快速通關
3868545086813084753_63397103849,s_ss.513,False,"要辦越南簽證最後第三步驟 點I apply to pay 
要付款的時
跳這個出來無法付款有人知道嗎😭",0,15,0,0,0,False,https://www.threads.net/@s_ss.513/post/DWv1UKRE5xR,1775386533,2026-04-05 10:55:33+00:00,越南簽證,2026-04-05,2026-04-05 18:55:33,True,False,越南簽證/快速通關
3868711404447491732_73159965343,killthennie,False,我看好像有需要準備另紙簽？還是只用電子簽就可以入境了,0,1,0,0,0,True,https://www.threads.net/@killthennie/post/DWwbIZomGaU,1775406359,2026-04-05 16:25:59+00:00,越南簽證,2026-04-05,2026-04-06 00:25:59,True,False,其他
3868277713220535281_80562434293,travelsdavidavi,False,越南簽證代辦服務🇻🇳,2,0,0,0,1,False,https://www.threads.net/@travelsdavidavi/post/DWu4hXNEgPx,1775354659,2026-04-05 02:04:19+00:00,越南簽證,2026-04-05,2026-04-05 10:04:19,True,False,越南簽證/快速通關
3869075506609058579_64405564488,valort27812,False,"有人知道為什麼最近這2-3年外勞真的變很多嗎？
明明餐飲業不是不能請外勞 但是還是一堆？
而且還有越氏洗髮也很多越南人 到底是用什麼簽證洗進來的？",1302,179,15,2,57,False,https://www.threads.net/@valort27812/post/DWxt6yMmPMT,1775449764,2026-04-06 04:29:24+00:00,越南簽證,2026-04-06,2026-04-06 12:29:24,True,False,越南簽證/快速通關
3869445289493665873_66832702697,1dollar0818,False,"熱騰騰🔥連假河內5日放鬆之旅😌 
TWD 22,193

1.機票	10,502	
越捷午去午回RMQ↔HAN含托運行李買

2.住宿4晚	3,783	
四星飯店Serene Central Hotel(含2天早餐)每晚人均1168
公寓飯店Minerva Aparthotel每晚人均763

3.交通	834 
機場快速通關+接機+送機+市區Grab

4.簽證	826 越南eVisa 

5.旅綜險	295	

6.網路	134	
eSIM 每日1G 5天(e心通)
9折折扣碼hakka168

7.餐食	1,842
Pizza 4P’s披薩、火車街、烤肉米線、牛肉河粉、春捲、咖啡、飲料冰品雪糕、海鮮自助餐、炸綠豆麻糬、烤肉串、烤蛋～都很好吃！

8.購物	1,338	
磁鐵 明信片 郵票 腰果 椰子餅 AFC餅乾 咖啡豆

9.體驗		2,560
美甲500k(TWD 610)
河內市區導覽-負擔大學生餐費135k(TWD 165)
按摩105m 620k(TWD 732)
按摩+洗頭 75m 450k(TWD 549)
足部按摩45m 400k(TWD 505)",34,1,1,0,29,False,https://www.threads.net/@1dollar0818/post/DWzB_1WFBhR,1775493845,2026-04-06 16:44:05+00:00,越南簽證,2026-04-06,2026-04-07 00:44:05,True,False,越南簽證/快速通關
3869904399989076454_63152751030,joshinchu,False,"關於越南簽證的實際申請狀況！
這次要去河內玩，
簽證申請大概來回調整有一個多月，
由於去年剛去過胡志明且簽證為自行上網填寫通過，
所以這次很有自信的再次申請以及幫同伴一起申請。

結果！
只有我沒有過，而且多次退件的問題都是：
 Please fill in all information in the declaration form.

大概重複了五、六次有，
一度懷疑上次去胡志明是不是犯法變黑名單了🥹
（開玩笑～

後來還是麻煩代辦完成簽證，也順利下來了！
主要還是提醒跟我一樣想太多的人，
時間上允許建議提早自行上網申請，
如果發現被退件，且不明原因，
就快請代辦了，不要想太多或煩惱太久。
（我就是爬文然後自己嚇自己體質）

附上越南法國麵包🥖
祝福大家不要被退件。",9,0,0,0,2,False,https://www.threads.net/@joshinchu/post/DW0qYxUEfHm,1775548575,2026-04-07 07:56:15+00:00,越南簽證,2026-04-07,2026-04-07 15:56:15,True,False,越南簽證/快速通關
3869972115206931335_65064058891,osloowls,False,"河內去過一次，胡志明去過兩次
請問越南中部旅遊推薦嗎？
歡迎推薦自己家鄉的在台越南人吧
順便認識一下，謝謝",13,31,0,0,0,False,https://www.threads.net/@osloowls/post/DW05yKBk4OH,1775556648,2026-04-07 10:10:48+00:00,越南簽證,2026-04-07,2026-04-07 18:10:48,True,False,越南簽證/快速通關
3870132103820863913_77814445766,tien_0905425096,False,"你想出國旅遊，但還不知道如何辦理簽證嗎？✈️
別擔心，我目前在越南峴港提供旅遊簽證代辦服務，流程簡單、快速，費用合理。
📌 免費諮詢
📌 協助準備完整資料
📌 高成功率
只要你有旅遊計畫，其他的都交給我來處理 💼
歡迎隨時聯繫我，為你提供最快速的服務！
VIP：1500 台幣
一般：1200 台幣
#阿進越南高級包車
#司机会说中文
 #峴港旅遊
 #峴港自由行
 #峴港包車
 峴港高爾夫球場",0,0,0,0,0,False,https://www.threads.net/@tien_0905425096/post/DW1eKTCE-mp,1775575721,2026-04-07 15:28:41+00:00,越南簽證,2026-04-07,2026-04-07 23:28:41,True,False,越南簽證/快速通關
3869175276811569154_76471190808,girl.shoe.house,False,"最近越南是不是很夯
一直看到有人去
是好玩還是便宜🤔",70,54,0,0,16,False,https://www.threads.net/@girl.shoe.house/post/DWyEmocE8gC,1775461657,2026-04-06 07:47:37+00:00,越南簽證,2026-04-06,2026-04-06 15:47:37,True,False,越南簽證/快速通關
3869953733024068946_80562434293,travelsdavidavi,False,"越南簽證代辦服務🇻🇳

感謝大家的支持與推薦🙏

能讓你們滿意，是我們最大的成就✨

我們會繼續保持效率與品質，

讓每一次辦理都更輕鬆、更快速！

有需要辦理簽證的朋友

歡迎找我們服務🙌

📩 加 Line 諮詢：davivn114",1,0,0,0,0,False,https://www.threads.net/@travelsdavidavi/post/DW01mqSGLVS,1775554457,2026-04-07 09:34:17+00:00,越南簽證,2026-04-07,2026-04-07 17:34:17,True,False,越南簽證/快速通關
3869426209779701155_80477430633,fuer846,False,我是越南人。為什麼台灣人更不喜歡越南工人，而不是印尼或菲律賓工人？儘管他們都是外籍勞工。大多數越南人善良友善，沒有人願意為了賺錢而離開家鄉。然而你們卻批評他們。,4803,2585,51,14,650,False,https://www.threads.net/@fuer846/post/DWy9qL-gVWj,1775491571,2026-04-06 16:06:11+00:00,越南簽證,2026-04-06,2026-04-07 00:06:11,True,False,越南簽證/快速通關
3870817639313126365_70992836268,amy598100,False,"越南開戶實錄 🇻🇳 帶護照就能開，一天搞定兩帳號
很多人問我：在越南買股票，手續很麻煩嗎？
其實超簡單 👇
✅ 護照正本
✅ 旅遊簽證

這樣就夠了——不需要居留證，不需要工作簽。
今天帶著我的客戶，一路從 BIDV 銀行開到富美興富鑫證券，兩個帳號全部一天完成 📋
想了解越南股票 or 房產投資，歡迎 LINE 加我 👉 homeviet

#越南股票 #越南證卷 #越南房地產 #越南買房 #越南投資",69,25,3,0,90,False,https://www.threads.net/@amy598100/post/DW36CJtkzPd,1775657444,2026-04-08 14:10:44+00:00,越南簽證,2026-04-08,2026-04-08 22:10:44,True,False,越南簽證/快速通關
3870430457288935182_77850737190,fox_gambler,False,"台灣人 & 越南女孩 之戀曲11:
旅居 越南🇻🇳頭頓市，Saigon的後花園。
我裸辭21年，走入數字遊民行列。專注在 虛擬貨幣交易 與 合法博弈行業。東南亞國家的八大行業開放，以及免稅，我在越南淨收入確實比在台灣高。

房租是最大開銷（外國人只能住酒店）原先是住Saigon最高樓Landmark81公寓式酒店，兩室一廳1400美元/月;
其次是簽證+機票 visa run 時間成本（大約住滿80天飛鄰國） 以飛馬來西亞🇲🇾來回計算，機+酒7天+簽證，約 400美金。
也就是僅居住的方面，每3個月開銷約1400*3+400=4800 美金（約15萬台幣）

如果能辦到5年長期簽證，或拿到越南國籍，居住成本能降至500美元/月（公寓），甚至更低（民宿自建洋房），醫療也更有保障。

當然啦，現在也很熟悉Saigon 環境，知道利用娛樂業回饋福利，吃與住的方面 能省下50%，visa running到馬來西亞雲頂，也可以有10天免費住宿。
總體算下來，東南亞旅居成本比在台北還低。氣候也沒那麼壓抑。

頭頓市，臨海，全年25-30度，距離胡志明市區車程1小時，很多台商選擇在這娶小三養老。推薦！",76,17,0,0,22,False,https://www.threads.net/@fox_gambler/post/DW2h_6Wj0cO,1775611286,2026-04-08 01:21:26+00:00,越南簽證,2026-04-08,2026-04-08 09:21:26,True,False,越南簽證/快速通關
3871163415124868808_67654737002,happy_saigon_,False,"一天搞定越南銀行＋證券開戶 ✅
只要護照、有效簽證
很多人問我流程怎麼跑？其實選對方法，真的沒想像中複雜。越南市場的成長機會就在那裡，與其在外面摸索，不如直接跟著有經驗的人跑一遍。
📍 想了解流程/預約時間：
直接掃描下方 LINE（附 QR code）
小叮嚀：
2026 年越南電子簽（E-visa）可以開戶，但每間銀行分行的審核標準偶爾會變動（有些分行會要求簽證效期剩餘天數）。記得提醒他們簽證日期要留夠喲。",3,1,0,0,0,False,https://www.threads.net/@happy_saigon_/post/DW5Ip2iAX7I,1775698662,2026-04-09 01:37:42+00:00,越南簽證,2026-04-09,2026-04-09 09:37:42,True,False,越南簽證/快速通關
3871182161576185406_63397622497,eatinglife22,False,"記錄一下這次去峴港的小細節1
、、、、
✦︎ 時間：2026/01/15-01/20
✦︎ 搭乘虎航
✦︎ 價格：6595/人(包含去程20公斤行李*1，回程*2)
、、、、
✦︎ 峴港國際機場DAD入境 ✦︎
✧︎ 需準備
1.印出來的電子簽證(E-Visa)
可透過官網直接線上辦理電子簽證，建議一個月前就先申請，因為審核簽證需要時間，如果中間審核期間需要更改或重填資料，會拉長取得簽證的時間喔。
、、
✧︎ 機場換匯
因為一出機場的時候已經接近晚上8點，到市區換匯會趕不上營業時間，所以有在出機場外的左手邊換錢所先換了2000元台幣，很多間還有營業，比了一下匯率，最後是找第一間大約在1:790左右，還算沒有差很多。
、、
✧︎ 交通
Grab打天下，最後兩天有跟飯店租機車，一天約台幣300元。租機車之後再寫個比較詳細的介紹。
、、
✦︎ 峴港國際機場DAD出境 ✦︎
峴港機場離市區很近，但建議還是抓約兩小時到機場
海關很慢很慢很慢，大家排隊也沒有順序很常被插隊。
免稅店比價後，還是市區便宜，所以伴手禮可以在市區先買齊😂
、、
我們兩個都很喜歡越南的風情跟悠閒，食物又好吃，下次還去✌️",3,0,0,0,1,False,https://www.threads.net/@eatinglife22/post/DW5M6phk84-,1775700932,2026-04-09 02:15:32+00:00,越南簽證,2026-04-09,2026-04-09 10:15:32,True,False,越南簽證/快速通關
3871314276741993193_71599757289,jason.wu.756,False,羨慕博弈特長，越南很多五星酒店都可以，這樣北中南可以輪著住,2,1,0,0,0,True,https://www.threads.net/@jason.wu.756/post/DW5q9LXGtLp,1775716646,2026-04-09 06:37:26+00:00,越南簽證,2026-04-09,2026-04-09 14:37:26,True,False,越南簽證/快速通關
3871359635035242709_77850737190,fox_gambler,False,有長期簽證才行北中南跑，90天旅遊簽只能跨國跑。五星級酒店還是澳門舒服。,1,1,0,0,0,True,https://www.threads.net/@fox_gambler/post/DW51ROkD8DV,1775722053,2026-04-09 08:07:33+00:00,越南簽證,2026-04-09,2026-04-09 16:07:33,True,False,其他
3871444494554684262_63428574336,prettylittlevanity.co,False,"看到最近越南品牌越做越好 
很多設計款精緻又不貴
正想說不然夏季不賣韓貨去越南看看
馬上看到有人分享越南過海關的怪事
到底是能不能去呀~~~",26,29,0,0,2,False,https://www.threads.net/@prettylittlevanity.co/post/DW6IkGJkttm,1775732169,2026-04-09 10:56:09+00:00,越南簽證,2026-04-09,2026-04-09 18:56:09,True,False,越南簽證/快速通關
3870897099588698405_65222445038,hengg.409,False,今天是幾月幾號呢？,488,254,0,0,7,False,https://www.threads.net/@hengg.409/post/DW4MGc3EwEl,1775666914,2026-04-08 16:48:34+00:00,越南簽證,2026-04-08,2026-04-09 00:48:34,True,False,其他
3872043193592356725_67175971497,dongwa1104,False,一攤位於越南的石板烤香腸，有人想去試試嗎？？,28317,828,479,21,10456,False,https://www.threads.net/@dongwa1104/post/DW8QsUFCp91,1775803553,2026-04-10 06:45:53+00:00,越南簽證,2026-04-10,2026-04-10 14:45:53,True,False,越南簽證/快速通關
3872253568657390892_63081331161,wei_6201,False,"越南簽證
歡迎詢問",0,0,0,0,0,False,https://www.threads.net/@wei_6201/post/DW9AhrID_0s,1775828618,2026-04-10 13:43:38+00:00,越南簽證,2026-04-10,2026-04-10 21:43:38,True,False,越南簽證/快速通關
3872283285091101424_65934968759,kilakila_77777,False,"是說突然想到移工跟一般來台灣用工作簽證的人
有什麼不一樣啊🤔

然後......好差別待遇？？？

移工（外籍勞工/藍領）： 
指從事製造業、營造業、海洋漁撈、家庭看護工及家庭幫傭等體力勞動的基層人員。通常來自印尼、菲律賓、越南、泰國等國家。

一般工作簽證（白領/專業人才）：
指符合技術專業人士、主管、外國專業人員等，從事商務、技術服務、教育、藝術等工作的人才。",0,2,0,0,0,False,https://www.threads.net/@kilakila_77777/post/DW9HSGtiarw,1775832161,2026-04-10 14:42:41+00:00,越南簽證,2026-04-10,2026-04-10 22:42:41,True,False,越南簽證/快速通關
3872269699481481843_40560585733,chenjian42842,False,"為什麼不喜歡就是歧視？
不喜歡是滷肉飯就是歧視？
你覺得是那也ok
台灣明明已經有越南、泰國、印尼、菲律賓、馬來西亞各個國家都有了，還可以持續引進
那些聲稱接觸過印度人 去旅遊過的，都說印度人很好，要過來的都是優秀人才保證不會亂來的
你相信嗎？產品要洗產地我不會嗎？
況且你們只是去旅遊待過，不是長期居住在印度超過20年那種
那些支持的也都是居住在都會區，沒有被打擾過的時候，看看現在各縣市的工業區、郊區，都是外籍移工，居住在這邊的國民都很困擾，無照駕駛、亂放鞭炮、隨地大小便都有
尤其現在黑工多已經找不到了，要再怎麼相信政府的把關？
反正現在是民進黨政府開的第一槍，不是藍白的鍋",116,50,5,0,0,False,https://www.threads.net/@chenjian42842/post/DW9EMaIGjJz,1775830541,2026-04-10 14:15:41+00:00,越南簽證,2026-04-10,2026-04-10 22:15:41,True,False,越南簽證/快速通關
3871951845190650762_71852856381,peggychi_hsu,False,"google查 在台印度人已有近1萬人
這個1萬人到目前為止 有造成你恐慌嗎?
要反對 麻煩 越南 印尼 菲律賓 泰國全部禁一禁
不要只歧視印度
台灣的工作只留給台灣人做",29,2,1,0,0,True,https://www.threads.net/@peggychi_hsu/post/DW777BQAcuK,1775792650,2026-04-10 03:44:10+00:00,越南簽證,2026-04-10,2026-04-10 11:44:10,True,False,越南簽證/快速通關
3872216687010004467_47706191108,taxi_danang,False,"峴港國際機場✈️
10/04/2026
10pax 🇹🇼
Line-微❤️-Ws
ID: +84905323818
#越南簽證
#旅遊簽證
#峴港
#越南包車
#峴港包車",0,0,0,0,0,False,https://www.threads.net/@taxi_danang/post/DW84I-akj3z,1775824224,2026-04-10 12:30:24+00:00,越南簽證,2026-04-10,2026-04-10 20:30:24,True,False,越南簽證/快速通關
3871950845797781523_63248821980,gromacs_mzy,False,其實有一個悖論，外勞薪資越低、越沒有人權，反而他們就業的時候比本土台灣人更有優勢。要知道越南 印尼 馬來西亞 人論吃苦程度遠遠超過台灣人，現在薪資又低，還不用幫他們繳健保，你是雇主你會顧誰？ 哪怕高科技產業，印度人 孟加拉國人 馬來西亞人的智力不弱的，很多電機系畢業生競爭力並不比頂大弱，如果他們薪資還低，企業會雇用誰？,4,3,0,0,0,True,https://www.threads.net/@gromacs_mzy/post/DW77sefjNAT,1775792531,2026-04-10 03:42:11+00:00,越南簽證,2026-04-10,2026-04-10 11:42:11,True,False,越南簽證/快速通關
3872639469430719767_67654737002,happy_saigon_,False,"🇻🇳 越南簽證辦理服務｜專業代辦・省時省力
計畫前往越南嗎？簽證問題交給我們！提供多種方案，滿足您的各類行程需求。
【應備資料】
1. 護照（掃描件：需無反光、字體清晰）
2. 大頭貼近照（電子檔：白底背景）
【辦理費用與工作天數】
1. 三個月單次入境：
• 一般簽證：5-7天 $1300元
• 加急簽證：3天 $2400元
• 特急簽證：4-6小時 $4800元
2. 三個月多次入境：
• 一般簽證：5-7天 $2500元
【團體優惠（限單次簽證）】
• 5張以上：1200元/人
• 10張以上：1100元/人

💡 小叮嚀與專業建議：
• 天數好划算： 單次簽證最長可達90天，無論待幾天費用都一樣喔！

• 保險預留天數：
1. 申請出發日期：建議填寫實際飛機起飛前一天，預防航班異動時能靈活應對。
2. 回台效期設定：建議回台日期設定為出境後兩個月。例如 4/30 出發，回台日期可設定 6/30。這樣若發生護照遺失或需補發證明時，您的簽證依然在有效期內，減少麻煩。

✨ 專業服務，讓您出國更安心！若您沒把握自己申請，請隨時聯繫我們專業辦理。",2,5,0,0,0,False,https://www.threads.net/@happy_saigon_/post/DW-YRROk0UX,1775874621,2026-04-11 02:30:21+00:00,越南簽證,2026-04-11,2026-04-11 10:30:21,True,False,越南簽證/快速通關
3872804452386923012_69727177810,thutucdailoanac,False,"【越南結婚為什麼面談總是不過？台辦處的審核比你想的還嚴！】
「我們是真心相愛，面談隨便聊聊就會過吧？」如果你這樣想，那就危險了。現在台辦處為了防範假結婚，審核機制非常刁鑽。從認識細節到未來家庭規劃，只要兩人回答有一丁點出入，就可能被判定為觀察簽證甚至拒件。專業的 越南結婚代辦 不只幫你跑腿，更提供一對一的面談培訓。我們會針對完整的 越南結婚流程 幫你們梳理交往細節，避開陷阱。想在 越南結婚 路上順順利利，專業的面談輔導絕對是成敗的關鍵，別讓愛情被公文擋在門外。
🔗 提高面談成功率請找：https://lin.ee/x1zmGHep",0,0,0,0,0,False,https://www.threads.net/@thutucdailoanac/post/DW-9yFlEuIE,1775894289,2026-04-11 07:58:09+00:00,越南簽證,2026-04-11,2026-04-11 15:58:09,True,False,越南簽證/快速通關
3872850382599333230_63081331161,wei_6201,False,"越南簽證
歡迎詢問
六日出簽",0,0,0,0,0,False,https://www.threads.net/@wei_6201/post/DW_IOdbEaVu,1775899764,2026-04-11 09:29:24+00:00,越南簽證,2026-04-11,2026-04-11 17:29:24,True,False,越南簽證/快速通關
3872796352640599717_67165900462,minifirec,False,"台北出發的3趟旅行
第一趟在去年暑假8月份就飛完了
第二趟跟第三趟就是這次的清明連假
.
威力哥的心得是
「下次應該不會再買四腿了」🤣
因為接著飛其實滿累
而且認真說起來
亞洲的四腿沒有飛歐洲來的划算
我覺得四腿適合時間彈性的人
.
後來看到其他網友分享
也可以用「中停兩次」的四腿
雖然價錢會貴一點點
但是卡旺季或連假還是非常划算
上班族也可以很好地利用
.
最重要的是就是提早一點
規劃好所有旅程跟目的地
.
我們在北海道要飛台灣的時候
有特別跟地勤說請幫我們把行李掛到台灣
因為我們要回家換行李
.
地勤還有跟我們要越南簽證
（飛越南必備!!!）
還有越南回程班機號碼
所以寄行李的時候搞超久
最後我們連飛胡志明的機票都一起拿到了
.
認真說我滿喜歡越南
東西好吃又便宜
咖啡好好喝
按摩美甲也超划算
而且不用飛很久
.
跟以前的泰國很像
唯一的缺點就是需要簽證25美金
出入境都比較麻煩
.
在越南那三天
我們大部分時間都在飯店耍廢
只有傍晚之後出去吃飯購物
整個非常悠哉",1,1,0,0,0,True,https://www.threads.net/@minifirec/post/DW-78OGkkal,1775893323,2026-04-11 07:42:03+00:00,越南簽證,2026-04-11,2026-04-11 15:42:03,True,False,越南簽證/快速通關
3873075060827723927_63542427814,hikarilu897,False,"一些不食人間煙火的網友看一下

2023年報導
台灣對印尼籍看護的依賴性極高，也因此，台灣的談籌碼薄弱，印尼政府的姿態高，堅持零成本輸出。去年開始，印尼移工來回機票、簽證費、住宿費……等相關費用，已經轉嫁雇主。

產業移工的部分，以泰國、越南人為主，「但泰國擺明了不要進家庭當幫傭或看護工，越南則認為幫傭的身份低落，當廠工才有衣錦還鄉的感覺。」業者說明，30年前的泰國很窮，現在泰國的景氣愈來愈好，他們除了是輸出國也是輸入國；而印尼，更是在疫情後心態驟變，開始爭取不要進家庭，只要當廠工、農業工、營造工。

因為台灣在國際社會一直被中國大陸牽制，來源國真的是一個大問題，而且在當地須設有駐外館處才能發簽證，「目前看來比較有機會的是印度，因為勞動人口多又設有台灣經濟文化辦事處，最重要是印度與中國大陸的關係不太好。」
===============
你以為你花錢請移工就比較大？
現在基層勞動力是各國競爭的資源，你不爽人家可以去他國，你就繼續缺人，反正大家學歷貶值一堆大學生滿街跑，但沒啥人想去傳產 營造 飯店。",368,72,48,9,20,False,https://www.threads.net/@hikarilu897/post/DW_7T9VD5iX,1775926548,2026-04-11 16:55:48+00:00,越南簽證,2026-04-11,2026-04-12 00:55:48,True,False,越南簽證/快速通關
3872615124213859051_64567309891,cy.kang.58,False,越南跟印尼人來台旅遊，我記得只能跟團，不能自由行，而且要提供財力證明，旅遊簽證才會下來。,6,2,0,0,0,True,https://www.threads.net/@cy.kang.58/post/DW-Su_-koLr,1775871719,2026-04-11 01:41:59+00:00,越南簽證,2026-04-11,2026-04-11 09:41:59,True,False,越南簽證/快速通關
3872595493680018845_66462149245,millan_sam555,False,台灣漏洞太多啊，用觀光名義進來就可以烙跑了,183,4,0,0,0,True,https://www.threads.net/@millan_sam555/post/DW-ORVnk3Wd,1775869379,2026-04-11 01:02:59+00:00,越南簽證,2026-04-11,2026-04-11 09:02:59,True,False,其他
3873016951438727008_76770754259,gran420911,False,"在澳洲工作，身邊同事很多來自印度、越南、泰國，一直很好奇一件事，澳洲基本薪資明明比台灣高這麼多，為什麼台灣還是有那麼多越南、泰國的外籍勞工？

而且不少人一開始其實不會中文就直接來台灣工作，但待了幾年之後，中文都變得很流利。

如果換個角度想，他們如果一開始選擇去澳洲，以他們學語言的能力，英文很可能也會學得很好，而英文好的話，工作選擇和未來薪資遠比會中文還要多。

如果做的工作性質差不多，薪水卻差一大截，那為什麼他們不選擇去澳洲，而是來台灣？",37,25,0,0,1,False,https://www.threads.net/@gran420911/post/DW_uGWvkldg,1775919620,2026-04-11 15:00:20+00:00,越南簽證,2026-04-11,2026-04-11 23:00:20,True,False,越南簽證/快速通關
3763236730716513873_63081331161,wei_6201,False,"熱騰騰
下午飛越南
催簽證
改簽證
加急簽證
通通可以",3,11,0,0,0,False,https://www.threads.net/@wei_6201/post/DQ5s948D2ZR,1762832798,2025-11-11 03:46:38+00:00,越南簽證,2025-11-11,2025-11-11 11:46:38,True,False,越南簽證/快速通關
3873777571581851754_65500915101,east_gibraltarian,False,"中國遊客諗住整落地簽證，點知越南入境當局話佢哋個落地簽證批准書係假嘅，被迫俾人當犯送入黑房！

其實中國公民都好慘㗎！自己整條九段線結果換嚟越南要另紙蓋章",126,13,2,0,40,False,https://www.threads.net/@east_gibraltarian/post/DXCbC1dAvhq,1776010374,2026-04-12 16:12:54+00:00,越南簽證,2026-04-12,2026-04-13 00:12:54,True,False,越南簽證/快速通關
3873525194825051644_70396796555,big.tree2024,False,"做人就是需要一些即興，一些衝動，
在日本trip中期，
老公話想曬曬太陽、食越南河，
於是立即上網辦簽證，
造就了我第一次去越南。
感覺非常好👍
.

去過越南，覺得泰國無嘢再吸引到我了。
越南食物、按摩都好平，
一碗牛肉湯河$15港幣，
按摩一小時$70港幣，
去河畔cafe飲嘢，一支啤酒$8…
最後張圖的海鮮餐$470
尾二張圖的超靚越南餐$150
平過深圳同泰國太多",145,74,0,0,51,False,https://www.threads.net/@big.tree2024/post/DXBhqRSEq38,1775980208,2026-04-12 07:50:08+00:00,越南簽證,2026-04-12,2026-04-12 15:50:08,True,False,越南簽證/快速通關
3873160438343788477_68845444892,misspeggyfox,False,"你知道很多國家的勞工根本不想來台灣嗎？
越南印尼的經濟正在起飛中，很多人去日本韓國都過得比台灣更好，或者是留在越南他們覺得也會更有希望

你是還以為台灣很搶手嗎？",676,39,3,0,5,True,https://www.threads.net/@misspeggyfox/post/DXAOuXVk-e9,1775936725,2026-04-11 19:45:25+00:00,越南簽證,2026-04-11,2026-04-12 03:45:25,True,False,越南簽證/快速通關
3872320853807980993_63225551668,sasayutw,True,請推薦越南好吃好玩的行程🇻🇳,20,25,0,0,1,False,https://www.threads.net/@sasayutw/post/DW9P0zTj-HB,1775836639,2026-04-10 15:57:19+00:00,越南簽證,2026-04-10,2026-04-10 23:57:19,True,False,越南簽證/快速通關
3874382615772620805_30064716642,shin.da_23010,False,最近勞工議題那麼夯 我也來討論一下大家覺得Hanni被冷藏是因為工作簽證到期沒辦法繼續幫別人洗腳只好回越南嗎～,1,2,1,0,0,False,https://www.threads.net/@shin.da_23010/post/DXEknYxE2gF,1776082420,2026-04-13 12:13:40+00:00,越南簽證,2026-04-13,2026-04-13 20:13:40,True,False,越南簽證/快速通關
3873590835355303684_39395704744,gola_visa_booking,False,"如果你去胡志明市旅遊還想著要減肥，那機票真的可以先退掉😂
🇻🇳在胡志明市，你的胃是不配擁有休息時間的！
南越料理那種熱情又偏甜的層次感，真的會徹底重新定義你的味蕾～

早餐先來份「碎米飯」吧～炭烤豬排的焦香配上魚露才是完全體！
再來不到 40 塊的「法國麵包」皮脆到掉渣
這種神級價位在台灣真的找不到了...🥖

想被重擊的話就選順化牛肉粉，香茅跟辣椒的層次感會讓你上癮
或是來南越河粉感受滿滿生菜的儀式感！

晚上的重頭戲絕對是路邊的螺料理配啤酒，這才是最道地最Chill的態度🍻
最後絕對要用蛋咖啡或最近很紅的鹽咖啡來救贖靈魂
那種滑順的口感真的會讓人驚艷到說不出話💕

大家去越南還有什麼一定要吃的私藏名單嗎？",27,7,1,0,25,False,https://www.threads.net/@gola_visa_booking/post/DXBwldyj78E,1775988033,2026-04-12 10:00:33+00:00,越南簽證,2026-04-12,2026-04-12 18:00:33,True,False,越南簽證/快速通關
3874315332114497839_43497338765,visawang666,False,"💝旅客真心回饋｜越南簽證急件
​
😰 出發前一天晚上，才發現自己「還沒辦簽證」…
​
張小姐說她其實早就把機票、飯店和行李都準備好了，
結果在出發前一晚確認資料時，才突然發現！
朋友們都在講簽證，但她自己根本還沒申請！
​
那一瞬間真的有點慌，因為班機就在隔天，
時間已經完全來不及用一般流程處理。
​
👑 【越南簽證急件】即時救援
她立刻聯繫我們，我們先幫她確認可行方案，
同步協助整理資料、快速送件， 
最後在登機前，順利拿到簽證，成功上飛機✈️
​
她事後說，其實最怕的不是花錢，
而是那種「差點去不了」的焦慮感。
​
💬 你有過出國前才發現少帶文件的經驗嗎？
🔗 點擊主頁連結，加入LINE官方帳號，讓專業幫你把關！
​
#越南簽證 #簽證王 #代辦服務 #快速辦理",0,1,0,0,0,False,https://www.threads.net/@visawang666/post/DXEVUR-iMEv,1776074399,2026-04-13 09:59:59+00:00,越南簽證,2026-04-13,2026-04-13 17:59:59,True,False,越南簽證/快速通關
3874725302882800052_66761922563,knight_john_,False,"不會總是前途光明
但有時候會在胡志明
😍😍😍
第一次搭777-300ER
魚骨商務艙
六年沒去越南了
花有重開日
人無再少年
這次辦了好多事
開了證券銀行戶
聽說代辦要六萬
洗勒靠
吃了榴槤
看到朋友餐廳
還有米其林素食
范五老街比之前還要乾淨熱鬧
我簽證到六月
才還要去
可以在找我一起去r",4,2,0,0,0,False,https://www.threads.net/@knight_john_/post/DXFyiJAjBG0,1776123272,2026-04-13 23:34:32+00:00,越南簽證,2026-04-13,2026-04-14 07:34:32,True,False,越南簽證/快速通關
3874152952219369785_63081331161,wei_6201,False,"越南簽證
強力協助 加急 催簽 修改",0,0,0,0,0,False,https://www.threads.net/@wei_6201/post/DXDwZV6kQE5,1776055042,2026-04-13 04:37:22+00:00,越南簽證,2026-04-13,2026-04-13 12:37:22,True,False,越南簽證/快速通關
3874189972421702766_70992836268,amy598100,False,"🏦 在越南買房，第一步不是選物件——是開銀行帳戶

錢沒有地方走，什麼都是空談
今天實拍渣打開戶全流程，一次幫你搞清楚 👇

📋 開戶必備 6 樣文件
① 護照
② 有效簽證 + 入境章
③ 身份證
④ 銀行流水帳
⑤ 工作經歷
⑥ 手機帳單

⚠️ 2026 規定更嚴，缺一樣文件就退件
親自飛過來開戶，文件一定要備齊

✅ 帳戶開通後
💰 每日上限：20 億越南盾
💰 單筆上限：3 億越南盾
付房款完全沒問題

❗ 短期旅遊簽 → 無提款卡、無定存
長期簽證 / 暫住證 → 全功能解鎖

想了解更多，歡迎私訊我 Amy！
LINE：@homeviet

#越南房產 #越南買房 #渣打銀行 #越南投資 #海外置產 台灣投資人 越南開戶 弘越地產 AmyVietnam 胡志明市",3,0,0,0,2,False,https://www.threads.net/@amy598100/post/DXD40Dqk3Ru,1776059458,2026-04-13 05:50:58+00:00,越南簽證,2026-04-13,2026-04-13 13:50:58,True,False,越南簽證/快速通關
3874086581711269990_76041159537,a66b0107c,False,"這次臨時去富國島四天三夜的行程與心得分享給大家
食：夜市海鮮美食便宜好吃，他們以燒烤新鮮海鮮爲主，沾醬酸甜微辣。不要去餐廳吃海鮮，容易被坑。
夜宵也建議路邊燒烤，價格便宜到你無法想像。或是直接叫外賣，選擇很多。
衣：輕鬆、防曬爲主，白天太陽很大。
住：可以選擇有泳池的渡假村，2人房價格約1500-2000台幣含早餐即可。位置選機場附近約10-15分鐘左右最好。
剛好在島的中間位置，去那都方便。。
行：換國際駕照，租機車。租機車很方便，到處都租的到，即使沒換國際駕照他們也會租給你。但出事了保險就不賠了。
租機車費用1天100-150。
也可以搭配他們的叫計程車服務，累的話可以叫車。
全島幾乎沒有紅綠燈很好騎，但晚上要小心沒開燈逆向的摩托車。
再來講最重要的簽證，台灣直飛富國島免簽證。只要你的護照有效期限在半年以上，可以說走就走。
匯率換算，100台幣約換80萬越南盾。所以在這你絕對是億萬富翁！
在桃園機場換2000台幣就夠了。其餘的換成美金，到越南再換越南盾。
最後建議，趁有時間多帶家人出去旅行，國內外都行，增加家人感情，也留下共同美好回憶。
#富國島自由行攻略#旅行的意義#旅遊",1,0,0,0,0,False,https://www.threads.net/@a66b0107c/post/DXDhThkAfBm,1776047130,2026-04-13 02:25:30+00:00,越南簽證,2026-04-13,2026-04-13 10:25:30,True,False,越南簽證/快速通關
3874069994951381696_64205697867,luke_821101,False,"為什麼一定要引進印度勞工？尼泊爾、斯里蘭卡、越南、印尼應該還是蠻多人願意來的吧？ 這些國家整體犯罪率、人民素質及道德觀念明顯優於印度人欸？

先打臉一下有人會說新加坡跟日本就很成功，第一：新加坡嚴格的法律（如鞭刑）和高效的勞工宿舍管理，使得移工違法的機會成本極高
第二：日本引進印度人才主要依賴高級簽證，這些簽證本身就排除了低技術勞工：因為引進門檻較高（多為技術人才），他們在日本的社會融入度普遍良好

台灣一沒有嚴格的法律配套及移工管理，引進的又不是高技術人才，正常人會擔心很正常吧？",33,28,1,0,0,False,https://www.threads.net/@luke_821101/post/DXDdiJ8E5LA,1776045153,2026-04-13 01:52:33+00:00,越南簽證,2026-04-13,2026-04-13 09:52:33,True,False,越南簽證/快速通關
3874984037476031111_63081331161,wei_6201,False,"越南簽證
催簽 改簽 
歡迎詢問",1,2,0,0,0,False,https://www.threads.net/@wei_6201/post/DXGtXOYEVqH,1776154115,2026-04-14 08:08:35+00:00,越南簽證,2026-04-14,2026-04-14 16:08:35,True,False,越南簽證/快速通關
3874838699129921098_63437781831,jing.154911,False,"有人有瘋狂到
出國一下飛機又直接飛出國的嗎😂

誰有經驗跟我說一下😂",887,269,1,1,97,False,https://www.threads.net/@jing.154911/post/DXGMURfk15K,1776136790,2026-04-14 03:19:50+00:00,越南簽證,2026-04-14,2026-04-14 11:19:50,True,False,其他
3875077067415610051_63527273717,niuniuhcm,False,"從越南搭車到越柬邊境出境
入境柬埔寨後，立刻迴轉出境，再入境越南
很多人都是這樣洗越南簽證😂",41,5,0,0,3,True,https://www.threads.net/@niuniuhcm/post/DXHCg_QkeLD,1776165205,2026-04-14 11:13:25+00:00,越南簽證,2026-04-14,2026-04-14 19:13:25,True,False,越南簽證/快速通關
3875084387549652576_63262703148,hmbg.0503,True,洗越南簽證可以幹嘛,2,2,0,0,0,True,https://www.threads.net/@hmbg.0503/post/DXHELgqjyZg,1776166078,2026-04-14 11:27:58+00:00,越南簽證,2026-04-14,2026-04-14 19:27:58,True,False,越南簽證/快速通關
3875190910951288242_78303507323,hrconsultanthelenli,False,"🇵🇭菲律賓合法集團
🧧餐補250U、房補250U、年度機票、特休15天等
 🙌擴編徵人
✌️工作9小時，月休6天以上
✌️依據經驗能力核薪
✌️合法工作簽證

高階崗位：
🐎菲律賓在地盤運營負責人
🐎IT負責人🐎老闆助理
🐎法務專員🐎項目負責人
🐎監控經理🐎現場廳經理

技術崗位：
🌼LT影片剪輯🌼系統工程師
🌼IR影像工程師(base台北）
🌼RD助理（Base台北）
🌼前端工程師（base深圳）
🌼高級QA工程師（base深圳）

職能崗位：
🌸遊戲企劃🌸行政專員（限女）
🌸質檢培訓專員🌸商務客服

現場崗位：
🌸現場AM
🌸現場荷官（限越南籍）

✈️@Helenli",2,1,0,0,0,False,https://www.threads.net/@hrconsultanthelenli/post/DXHcZoUEu2y,1776178777,2026-04-14 14:59:37+00:00,越南簽證,2026-04-14,2026-04-14 22:59:37,True,False,越南簽證/快速通關
3874730254309488828_64454327369,miya619080,False,"美國地大非法移民多
那要不要看看台灣才多大？
按比例來說
台灣逃逸外勞比例比很多國家高
不要幫政府洗地可以嗎",0,1,0,0,0,True,https://www.threads.net/@miya619080/post/DXFzqMYk3i8,1776123862,2026-04-13 23:44:22+00:00,越南簽證,2026-04-13,2026-04-14 07:44:22,True,False,其他
3875667406560170155_67654737002,happy_saigon_,False,"📣越南胡志明市新山一國際機場入境規定更新通知
2026年04月15日

❤️ 適用對象：
• 持外國護照入境越南的旅客
• 持越南簽證（VISA）入境的海外僑胞

🙅‍♂️ 不適用對象：
• 持越南國籍的旅客
• 過境旅客（Transit）

📄 最新規定內容：
根據越南出入境管理局的最新要求，自 2026年04月15日 起，以上適用對象的旅客在入境越南前：
♦️ 必須先完成個人資料申報
♦️ 入境時需透過 QR Code 完成資料確認（於新山一機場辦理入境手續時使用）

👩🏻‍✈️ 申報方式：
旅客可以選擇以下 兩種方式之一：

1️⃣ 出發前提前線上申報（建議方式）
→ 請至以下網站填寫資料：
https://prearrival.immigration.gov.vn/

2️⃣ 抵達機場後掃描 QR Code 填寫
→ QR Code 將設置於新山一機場入境手續辦理區域
⚠️ 注意：QR Code 將於 2026年04月15日 起正式啟用
此措施目的：
• 提升越南出入境管理效率
• 讓旅客入境流程更加快速、順暢
👍 建議旅客在出發前先完成線上申報，
以避免抵達 新山一國際機場 時需要額外等待填寫資料。",4,1,0,0,6,False,https://www.threads.net/@happy_saigon_/post/DXJIvjblBCr,1776235579,2026-04-15 06:46:19+00:00,越南簽證,2026-04-15,2026-04-15 14:46:19,True,False,越南簽證/快速通關
3875674451338275884_39395704744,gola_visa_booking,False,"🚨【即時通知】旅客請注意！
入境越南新山一機場，2026 年 4 月 15 日起正式實施「電子入境卡」

出發前，多做這一步 👇
📋 誰需要填？ 
・持外國護照入境者
・持簽證入境的越南僑民 

❌免填者
・越南護照持有者
・過境旅客

📱 怎麼填？ 
・方法一（強烈建議）：
出發前(入境T+2日)上網預填 👉 https://prearrival.immigration.gov.vn/
・方法二：
抵達機場，在移民區掃 QR code 現場填 
（但現場排隊人多，建議還是提前完成）

🎯 為什麼要填？ 
・提升入境審查效率
・加快旅客通關速度
・建立更完整的入境資料管理
  所以你填得越早，過海關就越快唷！

⚠️ 4 月 14 日剛公告，今日起實施！
細節仍可能調整，請持續留意官方最新消息
────────────── 
也可以追蹤Gola，第一時間替你掌握越南入境最新規定 🔔 
簽證問題也歡迎直接找我們唷！",0,0,0,0,1,False,https://www.threads.net/@gola_visa_booking/post/DXJKWEZEyws,1776236419,2026-04-15 07:00:19+00:00,越南簽證,2026-04-15,2026-04-15 15:00:19,True,False,越南簽證/快速通關
3875241566348601177_66266859024,marcochang9527,False,看不懂,0,1,0,0,0,True,https://www.threads.net/@marcochang9527/post/DXHn6w1CWdZ,1776184815,2026-04-14 16:40:15+00:00,越南簽證,2026-04-14,2026-04-15 00:40:15,True,False,其他
3875578838571397793_63081331161,wei_6201,False,"越南簽證
有問題怎麼做
歡迎詢問🙋",0,0,0,0,0,False,https://www.threads.net/@wei_6201/post/DXI0muEEbKh,1776225021,2026-04-15 03:50:21+00:00,越南簽證,2026-04-15,2026-04-15 11:50:21,True,False,越南簽證/快速通關
3875276525948579961_63132145641,dondonkenken,False,"印尼排華你識唔識？
馬來西亞係馬來人優先，對華人唔公平你知唔知？
越南入境要俾錢你有冇聽過？
柬埔寨有KK園你有冇去過？",3,1,0,0,0,True,https://www.threads.net/@dondonkenken/post/DXHv3ffkzB5,1776188983,2026-04-14 17:49:43+00:00,越南簽證,2026-04-14,2026-04-15 01:49:43,True,False,越南簽證/快速通關
3865820936638034246_63443577178,simyia,False,請問大家去大阪、京都玩，有什麼票券必買呢？謝謝！目前只買了環球影城門票+快速通關，其它交通票都還沒買預計會去清水寺、祇園一帶、心齋橋附近、大阪城、黑門~,8,10,0,0,0,False,https://www.threads.net/@simyia/post/DWmJ6jtk_FG,1775061789,2026-04-01 16:43:09+00:00,快速通關,2026-04-01,2026-04-02 00:43:09,True,False,主題樂園快速通關
3865766940879477424_63219364146,yeee__g_,False,"求票🙏🏻
4/16 日本環球影城門票 & 環球特快入場券
快速通關5 - Adventure Special 2張",4,3,0,0,0,False,https://www.threads.net/@yeee__g_/post/DWl9o0Pkdqw,1775055352,2026-04-01 14:55:52+00:00,快速通關,2026-04-01,2026-04-01 22:55:52,True,False,主題樂園快速通關
3865438494789949008_64232553774,lu416_,True,"總結不管你買不買快速通關
如果想玩設施 還是建議一開門就入園
不然快速通關也會被買完
#闆闆日常 #迪士尼 #日本",110,1,0,0,31,False,https://www.threads.net/@lu416_/post/DWky9S_E1ZQ,1775016201,2026-04-01 04:03:21+00:00,快速通關,2026-04-01,2026-04-01 12:03:21,True,False,主題樂園快速通關
3865539159755258853_66885834914,alex_chen_0226,False,"第一次來LA，聽說最近美國機場海關都塞爆
嘗試朋友推薦的快速通關，原來真的好方便啊
連機場內部都沒參觀到就飛奔離開了😅",443,21,0,0,63,False,https://www.threads.net/@alex_chen_0226/post/DWlJ2Kikvvl,1775028702,2026-04-01 07:31:42+00:00,快速通關,2026-04-01,2026-04-01 15:31:42,True,False,其他
3865665012069547921_63292476052,dw.wu_,False,"哈囉大家～
4/28 環球影城門票+快速通關轉讓 🎫
因行程變動無法前往，有人剛好需要嗎？

有興趣歡迎私訊我，謝謝🙏",3,1,0,1,1,False,https://www.threads.net/@dw.wu_/post/DWlmdjpD7-R,1775043201,2026-04-01 11:33:21+00:00,快速通關,2026-04-01,2026-04-01 19:33:21,True,False,主題樂園快速通關
3865725404527407560_63279674374,max_yen_chung_yu,False,"USJ OSAKA 任天堂園區

只能說 
裡面真的太可愛了😍
快速通關真的好方便",0,0,0,0,0,False,https://www.threads.net/@max_yen_chung_yu/post/DWl0MYgDzHI,1775050400,2026-04-01 13:33:20+00:00,快速通關,2026-04-01,2026-04-01 21:33:20,True,False,主題樂園快速通關
3866075346920175560_67031601122,atashitetsu,False,請問脆友 之前護照辦過 韓國快速通關。更換護照後，還需要重新申請嗎？,0,2,0,0,0,False,https://www.threads.net/@atashitetsu/post/DWnDwtwEnfI,1775092117,2026-04-02 01:08:37+00:00,快速通關,2026-04-02,2026-04-02 09:08:37,True,False,其他
3866241562339166649_63074099658,fishsilvia8319,False,"忘記提醒大家，週末要從曼谷素萬納普機場入境泰國準備過潑水節的一定要記得買快速通關！

12:30抵達現場人山人海，入境起碼排一小時，快通25分鐘搞定連行李都領到了👌真是神清氣爽

⛔️入境審查隊伍很長很壯觀但千萬別拍照啊！！現場工作人員都在大吼了",84,17,0,0,101,False,https://www.threads.net/@fishsilvia8319/post/DWnpjd7E8m5,1775111931,2026-04-02 06:38:51+00:00,快速通關,2026-04-02,2026-04-02 14:38:51,True,False,泰國快速通關
3866287572167767304_63467716729,deal4steal_lifestyle,False,"在首爾仁川機場入境時，只需要做對「一件事」，就能比商務艙旅客更快到達行李轉盤！

韓國的快速通關SeS 服務（Smart Entry Service），網路上已經有非常多人介紹過了，SeS 過去都只能在機場管制區外申辦，對於第一次到韓國，或是沒有申辦過 SeS 的人來說，入境韓國時沒辦法使用，只能乖乖排隊。

但現在仁川機場在入境審查櫃檯，新增了好幾個提供註冊 SeS 的通道「SeS Registration Center 」，只需要花一分鐘「留指紋+拍照」註冊，就可以馬上使用 SeS 快速通關入境，還不用填寫入境卡喔。

實測晚上 1900 落地的飛機，我們從下飛機到行李轉盤，只花了 8 分鐘，甚至是全飛機第一個到行李轉盤的乘客，比商務艙旅客還快喔～",893,36,112,17,2027,False,https://www.threads.net/@deal4steal_lifestyle/post/DWn0A_6kTUI,1775117416,2026-04-02 08:10:16+00:00,快速通關,2026-04-02,2026-04-02 16:10:16,True,False,其他
3866147579520596918_76686139640,sister.food.court,False,"首爾仁川機場入境打曬蛇餅，我排左一半先發現有條SES申請快速通關嘅通道！！！
大家到時記得無視右邊蛇餅直衝SES，聽講幾分鐘搞掂🔥
(而我夾左喺蛇餅中間唔好意思走，排左半個鐘仲有一圈)",145,10,1,1,331,False,https://www.threads.net/@sister.food.court/post/DWnUL1mj7u2,1775100728,2026-04-02 03:32:08+00:00,快速通關,2026-04-02,2026-04-02 11:32:08,True,False,其他
3866351689209573258_66854567751,moi.gov.tw,True,"這早就不是秘密
出國的你都知道的！

從我這邊到你那邊，只要5步驟
從你那邊的我這邊，只要10秒

臺灣e-Gate ，94這麼快👍",188,6,22,3,0,False,https://www.threads.net/@moi.gov.tw/post/DWoCmBkEW-K,1775125059,2026-04-02 10:17:39+00:00,快速通關,2026-04-02,2026-04-02 18:17:39,True,False,其他
3865790431179792223_63178478359,xxin.bird,False,請問第一次去韓國的，是不是就沒有辦法用SES，一定要紙本呢😭😭,11,2,0,0,5,True,https://www.threads.net/@xxin.bird/post/DWmC-pSk19f,1775058152,2026-04-01 15:42:32+00:00,快速通關,2026-04-01,2026-04-01 23:42:32,True,False,其他
3867098125349902277_65620059310,bonnie_nini,False,"20年老楓寶要去樂天世界Maple Island🍁

雖然安排一整天行程都在樂園
但還是想問已經前往體驗的網友們🙏🏻
你們覺得有需要買快速通關嗎🥹",180,60,1,0,145,False,https://www.threads.net/@bonnie_nini/post/DWqsUGZD1fF,1775214041,2026-04-03 11:00:41+00:00,快速通關,2026-04-03,2026-04-03 19:00:41,True,False,主題樂園快速通關
3866986747645902757_63078657462,elsa_0621,False,"廣大的脆友們🙋‍♀️🙋‍♀️
去大阪環球影城地陪大約多少錢嗎？ 
還有 有沒有推薦的地陪🥹",5,5,0,0,0,False,https://www.threads.net/@elsa_0621/post/DWqS_V0k7-l,1775200764,2026-04-03 07:19:24+00:00,快速通關,2026-04-03,2026-04-03 15:19:24,True,False,其他
3867110050041027719_69543363482,kikil_ove520,False,"迪士尼的快速通關超難買
排隊會排到懷疑人生
不過童年回憶總是要去體驗
踩點打卡應景一下😘

公主夢👸城堡很夢幻🏯
#東京迪士尼樂園",7,1,0,0,1,False,https://www.threads.net/@kikil_ove520/post/DWqvBoICdyH,1775215463,2026-04-03 11:24:23+00:00,快速通關,2026-04-03,2026-04-03 19:24:23,True,False,主題樂園快速通關
3817143961312818088_69844336391,m8604136,False,請問最近有人去日本使用Visit Japan Web快速通關嗎？速度快很多嗎？,330,60,0,0,65,False,https://www.threads.net/@m8604136/post/DT5ODVuk_Oo,1769259041,2026-01-24 12:50:41+00:00,快速通關,2026-01-24,2026-01-24 20:50:41,True,False,其他
3867008960461629882_70128511639,mei_u_lm_h7,False,"插畫博覽會完全不建議去
問就是花博爛場地 場內又熱又悶又小空氣超差，人還超他媽多擠得跟沙丁魚一樣，而且排隊是在戶外曬太陽跟淋雨擇一(剛好這幾天天氣都很差)，除非有快速通關不然不排個一個多小時(至少)是進不去的。",83,16,0,0,26,False,https://www.threads.net/@mei_u_lm_h7/post/DWqYClHkWm6,1775203412,2026-04-03 08:03:32+00:00,快速通關,2026-04-03,2026-04-03 16:03:32,True,False,其他
3866873665846067230_63470564223,bagelliu,False,"原來從無錫到上海的高鐵商務艙長這樣
200多元人民幣還包含VIP貴賓室、快速通關，真的很尊榮。何德何能能在前一天搶到2個座位，重點是一個車廂不過5個位置罷了❤️",124,29,1,0,9,False,https://www.threads.net/@bagelliu/post/DWp5RyMEUAe,1775187284,2026-04-03 03:34:44+00:00,快速通關,2026-04-03,2026-04-03 11:34:44,True,False,其他
3867322688881273945_63050029181,xuan.vera,False,"這趟釜山行大部分沒有什麼意外
該吃的該住的都如期完成了
不過最搞笑的插曲就在我們要返回台灣這天

因為第一天抵達釜山等通關要出機場的隊伍
就排隊排了一個多小時了
為了下次還有來訪的可能
我們決定在回台時先到機場辦快速通關
這件事已經在第一天抵達時就決定好了
而最後一天準備去機場前
我們還是先逛街購物了一下
我就跟我閨蜜說：「快速通關六點關門喔！」
所以我們預計要在關門前先抵達機場
但我這可愛的閨蜜只記得要辦理登機的時間
一直沒把「快速通關六點關門」
這件事連結在腦海
我閨蜜想說反正我們辦理登機六點到機場
那我們回飯店整理行李
抓個五點半再過去機場就好了
於是回到飯店在大廳打包伴手禮時
我又再次提醒我閨蜜這件事
她才驚覺的意識到：
「對吼！那現在就要趕快出發了！」
於是我在車上已經先做好攻略
確認辦理快速通關的位置 
然後決定一下計程車就用跑的
結果呢～好笑的來了 因為辦理的地方在2樓
我們一進機場就立刻搭手扶梯上去
結果繞了一圈 還誤闖了地勤工作人員辦公區
最後才發現 白痴喔！我們一開始出境大廳就是2樓
下面還有一個入境大廳（1樓）
只是我們進大門口自以為還在一樓
實際其實我們在二樓😂",5,1,0,0,0,False,https://www.threads.net/@xuan.vera/post/DWrfX7ek6xZ,1775240811,2026-04-03 18:26:51+00:00,快速通關,2026-04-03,2026-04-04 02:26:51,True,False,其他
3867651191065167044_72638014259,wwkkkz__,False,"想問第一次出國 去韓國 想去樂天世界遊樂園
快速通關怎麼買呀～
還有在仁川機場是不是真的要等很久
不管是要出關還是回程 最後一天是不是不太能排行程？
還有什麼應該要注意的可以跟我說嗎😣😣
韓國人現在有對台灣人不友善嗎？因為語言溝通所以滿害怕的⋯
美食什麼的可以先不用 都有安排了
祝要出國的各位都順順利利平平安安🤍",7,7,0,0,2,False,https://www.threads.net/@wwkkkz__/post/DWsqEQ-jkTE,1775279972,2026-04-04 05:19:32+00:00,快速通關,2026-04-04,2026-04-04 13:19:32,True,False,主題樂園快速通關
3868034626418683550_63854583898,chiu_hsiao_chien,False,"求廣大脆友給我建議
預計4/28-5/1要帶4歲小孩去香港玩會安排一天玩迪士尼+住迪士尼酒店一晚

現在猶豫要第一天下飛機去還是4/30去隔天回台灣
如果4/28平日去迪士尼是不是就不用買提早入園可以下午進去也沒關係？到時候看遊樂設施狀況買快速通關
如果4/30去連假前一天怕人多是否買提早入園比較保險呢？還是也是看狀況買快速通關就好🤣

*一定要帶小孩玩冰雪奇緣她最近熱愛的角色*",3,12,0,0,0,False,https://www.threads.net/@chiu_hsiao_chien/post/DWuBP--mK6e,1775325681,2026-04-04 18:01:21+00:00,快速通關,2026-04-04,2026-04-05 02:01:21,True,False,主題樂園快速通關
3868014162618855253_63092294281,m4984012,False,"售 關西樂享周遊券豪華版‼️

📍 豪華 A 區（核心大項：任選 2 個）
可選 環球影城(USJ) 1日門票、單項快速通關券、限量爆米花桶 或 1000日圓園區抵用券。
📍 豪華 B 區（精選體驗：任選 1 個）
可選 嵐山小火車單程票、環球影城彩道餐廳預約位+飲品、京都水族館 或 爆米花杯3次兌換券。
📍 豪華 C 區（機場交通：任選 1 個）
可選 JR HARUKA 特快車指定席（直達梅田/京都）或 關西機場利木津巴士 單程車票。
📍 一般設施（熱門景點：30 選 3）
可選 空庭溫泉入場券、梅田藍天大廈展望台、京阪電車1日券 或 阿倍野展望台門票 等熱門項目。
原價：61XX$
兩張一起售 4600$

不會使用可以教學‼️
付款方式： 網銀 LP 面交（新竹竹北）三擇一‼️
使用日期到2026/6/10‼️",6,5,0,0,4,False,https://www.threads.net/@m4984012/post/DWt8mMlE69V,1775323242,2026-04-04 17:20:42+00:00,快速通關,2026-04-04,2026-04-05 01:20:42,True,False,主題樂園快速通關
3867587914662265880_76099151876,cmk.chen,False,"@william_chingte 
總統：可以推這個方案？民間發起捐款買軍購，快速通關取得保護國家，人民的軍備！",0,6,0,0,0,False,https://www.threads.net/@cmk.chen/post/DWsbrePCcQY,1775272429,2026-04-04 03:13:49+00:00,快速通關,2026-04-04,2026-04-04 11:13:49,True,False,其他
3867653685359719285_64171754782,aaron_lu_aaron,False,在所有機場都在講快速通關時，不知道成田機場為什麼重複的檢查做兩次，平白多等半小時出關。令人遺憾！,94,31,1,0,31,False,https://www.threads.net/@aaron_lu_aaron/post/DWsqoj-GLN1,1775280269,2026-04-04 05:24:29+00:00,快速通關,2026-04-04,2026-04-04 13:24:29,True,False,其他
3868762006032170650_70044302926,u__888bm,False,"第一次要去環球影城

開始做攻略 發現比迪士尼還要燒腦
主要是快速通關部分
很燒腦

到底該買哪一張 有看到別人推薦買哪張
但去KKDAY跟KIook 卻沒看到
瘋掉",49,7,0,1,31,False,https://www.threads.net/@u__888bm/post/DWwmowCEz6a,1775412391,2026-04-05 18:06:31+00:00,快速通關,2026-04-05,2026-04-06 02:06:31,True,False,主題樂園快速通關
3868304862589428222_63251095682,reyna_0214,False,"實測$200泰國機場快速通關成功！！！
下飛機到出機場不用10分鐘😆😆😆

不過僅限輕裝手提行李適用
有托運出來還是要等行李哈哈哈哈
愈來愈愛一咖登機箱出國 
輕裝絲絲滑滑😍",36,5,0,0,19,False,https://www.threads.net/@reyna_0214/post/DWu-scBjyH-,1775357896,2026-04-05 02:58:16+00:00,快速通關,2026-04-05,2026-04-05 10:58:16,True,False,泰國快速通關
3868340169343110496_67627936389,kyle0305,False,"第一次用臉通關快速進站 超級大推 👍
在台灣先在Skyliner官網買完票再掃臉
到現場找到有face check的進站口
快速掃完就可以進站直接領票
不用排隊不用劃位不用人擠人 
很適合要趕場看演唱會快速衝刺的人 😆",28,1,3,0,6,False,https://www.threads.net/@kyle0305/post/DWvGuOAEg1g,1775362105,2026-04-05 04:08:25+00:00,快速通關,2026-04-05,2026-04-05 12:08:25,True,False,其他
3868541324505592872_63273630805,beatlesaregay,False,"看過網上有台灣人跟大陸人吵架，拿南京大屠殺來訕笑，我是真懷疑他們是不是個人。
南京大屠殺紀念館蠻沈重的，建議大家有預留時間都可以來一趟，看看這段悲傷的歷史，反思和平的可貴。
（台胞證不用預約付費，快速通關免費進）",606,639,3,2,12,False,https://www.threads.net/@beatlesaregay/post/DWv0daWEzQo,1775386084,2026-04-05 10:48:04+00:00,快速通關,2026-04-05,2026-04-05 18:48:04,True,False,其他
3868379383317457620_64829635870,alyssa.liau.feuz,False,"今天早上我在羽田機場第三航廈通過安檢時，不慎遺失了我的護照夾。
當時我走的是商務艙快速通關。

我依稀記得在安檢前需要出示登機證與護照，因此我先將兩者取出刷過機器後通過安檢，接著手上拿著護照繼續通過海關。
一走出海關，我立刻檢查手提包發現護照夾已經不見了，當下就想回頭尋找。
但海關人員告知我已無法返回，只能請我前往日航貴賓室尋求協助。
我隨即趕到貴賓室，櫃檯人員非常熱心，幫我打了許多電話至海關、安檢、行李櫃檯協助尋找。甚至到了登機門，地勤人員還特地跑出去再次去行李櫃檯幫我確認。

可惜最後仍然沒有找到。

這讓我不禁聯想到去年羽田機場曾發生的安檢人員偷竊事件。當時我的護照夾內還有約等同三萬日幣的瑞士法郎現金，也許在那一刻被注意到了。

由於我必須返回瑞士，實在無法再繼續停留尋找。

護照夾內包含：
瑞士身分證、台灣身分證、健保卡，以及150瑞郎現金。

透過這次經驗想提醒大家：
重要財物真的不要外露，也不要一次全部放在同一個地方。

這是一個很慘痛的教訓，分享給大家。",33,12,0,0,12,False,https://www.threads.net/@alyssa.liau.feuz/post/DWvPo23FOrU,1775366779,2026-04-05 05:26:19+00:00,快速通關,2026-04-05,2026-04-05 13:26:19,True,False,其他
3868724822327603160_77350996391,globaltraveltv1,False,"星盟貴賓室暢遊：長榮金卡兩年不用保級HKD:3200
27座星盟休息室快速進 躺在平地上，轉機吃滷肉飯喝奶茶，爽到想去！ 出發出行秒通關：專屬報到+優先旅行/取行李再也不用在機場排隊消費時間，社會恐懼+趕飛機星人救星！ 任行李性裝：額外1件行李+重量升級出國購物買滿行李箱，再也不用算重量了！ 達到多拿25%換免費機票、升商務艙，越飛越省越划算！ 全球通用：27座星盟航空司金卡待遇全涵蓋商務出差、度假旅行，走到哪裡都是VIP待遇！",6,0,0,0,6,False,https://www.threads.net/@globaltraveltv1/post/DWweLqAkq_Y,1775407959,2026-04-05 16:52:39+00:00,快速通關,2026-04-05,2026-04-06 00:52:39,True,False,其他
3868513835095841536_63966994023,tea_2046,True,"即日來回台北！
冇諗過我都有今日(⌒-⌒; )
但因為join fd嘅結婚友宴 我願意的💘
第一次搭大灣區 幾好 加埋我有快速通關
超快就入左境（一年內去3次以上就記得整！

0545 - 出門
0945 - 到桃園機場
1115 - 到忠孝SOGO買蛋糕（同fd驚喜慶生🎂
1230 - 去到木柵 好得閒兜左個圈 發現一間「風動石頭公廟」喺路中心 原來有150年歷史 係一舊打風落雨都沖唔走嘅石頭
1400 - 春茶鄉午餐 簡單的菜式 香港較少見的食材配搭 非常好味😭記得book窗口位望到台北市景 仲望到101㗎！然後同埋fd慶生～
1500 - 行下附近條步道 唔知點解有啲水豚喺度 勁得意 打卡打卡(⁎⁍̴̛ᴗ⁍̴̛⁎)
1600 - 回程少人啲 搭水晶纜車落山 都抵 中間仲會經過3個站
1730 - 翻到台北車站附近掃貨 每次我都一定會去光南 通常比康是美平啲（有特價時除外
1830 - 去fd結婚友宴 佢book左個復古風場地 大家一齊唱k食嘢 好熱鬧😆（i人都係坐埋一邊 但感受下氣氛都開心
1945 - 搭車出機場
2250 - 上機返香港
0230 - 終於返到張床上面😪",238,28,0,0,47,False,https://www.threads.net/@tea_2046/post/DWvuNY1klsA,1775382807,2026-04-05 09:53:27+00:00,快速通關,2026-04-05,2026-04-05 17:53:27,True,False,其他
3869455532034340993_67302072634,basiaintheworld_,False,"✨ 詢問大家：帶 2 歲 10 個月幼兒去大阪環球影城（USJ）怎麼買票和規劃？

最近準備帶 2Y10M 的小朋友去 環球影城 Universal Studios Japan（USJ），
目前飯店有提供免費接駁車，但**門票 & 快速通關（Express Pass）**還沒買。

想請有經驗的爸媽分享：
	1.	門票是在官網買，還是用 Klook比較方便，因為聽說官網可以選時段，Klook好像不行？
	2.	快速通關 Express Pass 有需要買嗎？帶幼兒去買哪一種比較實用？
	3.	有沒有推薦的帶幼兒遊 USJ 路線 / 新手爸媽注意事項？
	4.	若有 避開人潮技巧、育嬰設施 使用建議也拜託分享 🙏

Ps.目前不考慮VIP，那個費用有點無法負擔。

非常感謝大家的心得分享～希望能幫助我們規劃更順利，也讓更多帶幼兒去 USJ 的家庭參考 ❤️",2,21,0,0,0,False,https://www.threads.net/@basiaintheworld_/post/DWzEU4dE7iB,1775495066,2026-04-06 17:04:26+00:00,快速通關,2026-04-06,2026-04-07 01:04:26,True,False,主題樂園快速通關
3869036193087322605_63476129496,ru_ru1230,False,"預計7/17（週五）會去環球影城
想搶任天堂的整理券以及玩以下的一些設施：
任天堂：馬力歐賽車、瘋狂乘車
小小兵
哈利波特
水世界
咚其剛
刺激：飛天翼龍
想問脆友有建議快速通關如何買？
建議幾點人園？
（有看過kkday 跟klook ,但似乎都是配好的）
先謝謝脆友🙏",5,2,0,0,1,False,https://www.threads.net/@ru_ru1230/post/DWxk-soGXnt,1775445077,2026-04-06 03:11:17+00:00,快速通關,2026-04-06,2026-04-06 11:11:17,True,False,主題樂園快速通關
3869108846409635863_65426449065,sy_y12,False,"想問大家4月10幾號去泰國 建議買快速通關嗎？ 
晚上7:00到達 會很多人嗎？ 
還是當場旁邊就能快速通關給他200株？
謝謝各位😗💞",67,27,1,0,106,False,https://www.threads.net/@sy_y12/post/DWx1f8TkVgX,1775453738,2026-04-06 05:35:38+00:00,快速通關,2026-04-06,2026-04-06 13:35:38,True,False,其他
3869327535222510463_63307585375,en0206_,False,"請問各位大大 入境曼谷有建議要買這個快速通關嗎
旅行社報價一個人1200",107,185,3,0,181,False,https://www.threads.net/@en0206_/post/DWynOSIk1N_,1775479808,2026-04-06 12:50:08+00:00,快速通關,2026-04-06,2026-04-06 20:50:08,True,False,泰國快速通關
3869383877608983781_67467256568,songyun_h,False,"我剛抽了號碼牌
準備要親你臉頰
但前面還有3千多組
可否幫忙安排快速通關？",0,1,0,0,0,True,https://www.threads.net/@songyun_h/post/DWy0CLEgczl,1775486524,2026-04-06 14:42:04+00:00,快速通關,2026-04-06,2026-04-06 22:42:04,True,False,其他
3869043675658037506_63021495698,p._.xcy,False,"韓國SeS 仁川T2 過海關前就有通道可以辦
真的是絲滑入境的程度 
出境記得辦Smartpass也很快",18,0,0,0,6,False,https://www.threads.net/@p._.xcy/post/DWxmrlUEakC,1775445969,2026-04-06 03:26:09+00:00,快速通關,2026-04-06,2026-04-06 11:26:09,True,False,其他
3869068044724085368_41669697149,tedchang08,False,"第一天前往那霸機場印象非常深刻，
因為是第一次出國又獨旅，
有許多不懂的地方，
首先不知道可以用手機申請快速通關，
只好用手填表單的方式，
拿完行李後，還要再填一次表單，
是要填住宿地和聯繫方式，
只要填第一家飯店就好，
在填寫的過程，日本住址真的不會填😅
只好全部照著google地圖給的，
一字不差的寫上去，
最後有順利出境啦✌🏻",15,7,0,0,6,False,https://www.threads.net/@tedchang08/post/DWxsOMxmCJ4,1775448876,2026-04-06 04:14:36+00:00,快速通關,2026-04-06,2026-04-06 12:14:36,True,False,其他
3869118467430011227_64774722735,eyj.201,False,"假日一蘭要等250分鐘
等是不可能等的 讚嘆有3000元快速通關",92,4,0,0,30,False,https://www.threads.net/@eyj.201/post/DWx3r8lEdFb,1775454885,2026-04-06 05:54:45+00:00,快速通關,2026-04-06,2026-04-06 13:54:45,True,False,其他
3870012193115466499_64705132748,vivi07200,True,"🇰🇷 韓國入境｜親子爸媽必看 📢

1️⃣ 自動通關限制
帶著 17 歲以下孩子，需有一位大人陪伴走人工通道。
2️⃣ 優先權
帶著 7 歲以下小孩、孕婦或 70 歲以上長輩，可走優先通道。
3️⃣ 大人順便辦 SES
⚠️ 重點：陪 17 歲以下孩子走人工通道時，海關會順便幫大人辦理 SES 快速通關！

#韓國旅遊 #親子旅遊 #ses快速通關 #00妻 #韓國",65,36,1,0,115,False,https://www.threads.net/@vivi07200/post/DW1C5XfE-sD,1775561425,2026-04-07 11:30:25+00:00,快速通關,2026-04-07,2026-04-07 19:30:25,True,False,其他
3869806262334987324_66427767899,yihsinnnnnn,False,請問各位去峴港的話過海關有需要買快速通關嗎～～？,0,19,0,0,0,False,https://www.threads.net/@yihsinnnnnn/post/DW0UErgDxw8,1775536876,2026-04-07 04:41:16+00:00,快速通關,2026-04-07,2026-04-07 12:41:16,True,False,越南簽證/快速通關
3870205557157256364_66185408078,running_man_9,False,要看怎麼玩，上次我和家人3個人去環球，買提早進去加門票加快速通關大概2萬6，一人平均8600左右,0,1,0,0,0,True,https://www.threads.net/@running_man_9/post/DW1u3LyGdys,1775584476,2026-04-07 17:54:36+00:00,快速通關,2026-04-07,2026-04-08 01:54:36,True,False,其他
3869956509476843265_77485670085,kcontent.tw,False,"入境就能申請❗️30秒內完成通關⁉️
韓國SeS快速通關攻略🫢

✔韓國 SeS 快速通關是什麼？
👉 SeS（Smart Entry Service）＝自動出入境審查系統
👉不用排人工海關，透過護照＋指紋＋臉部辨識
➡️ 約30秒快速通關

⚡ 有多快？
👉原本需20分鐘～1小時，SeS 只要30秒

👤 誰可以用？
👉 外國人17歲以上，出境可直接使用入境需先註冊
👉 持外國人登錄證：17歲以上可直接用，14～17歲需申請，7～14歲需監護人陪同申請

📍 哪裡申請？
👉入境審查區內（最推薦）
T1：A / F區｜T2：A / B區
➡️ 找「SeS Registration」
➡️ 也可於出境時辦理
T1：3樓H報到櫃檯對面（4號出境口附近）
T2：2樓政府綜合行政中心（出入境服務中心）

📝 怎麼申請？
👉 入境現場辦理
➡️ 掃護照＋指紋＋拍照，約3～5分鐘完成
➡️ 或出境時於櫃檯申請

📌使用方式
👉掃護照 → 指紋 → 臉部辨識 → 通關

⚠️ 注意事項
👉效期＝護照期限
👉不會蓋章
👉入境建議先註冊一次最順

＊內容僅供參考，實際規定以官方公告為準
＊內容整理自仁川機場官方網站",322,8,41,1,740,False,https://www.threads.net/@kcontent.tw/post/DW02PEDk-8B,1775554787,2026-04-07 09:39:47+00:00,快速通關,2026-04-07,2026-04-07 17:39:47,True,False,其他
3869742528090832534_78613130652,usj_xiaoyu,False,"📍4.7 大阪環球慘狀。氣炸了😡被網上攻略騙慘了…

⏰ 園區通常會提前 1-1.5 小時開門！進門後建議從左邊數第二個門左邊排隊，這個位置人少排得快。

🔍 掃碼出問題時，試試裁掉圖片多餘部分，只留QR Code再掃，親測成功率更高～

🐢 耀西冒險別一早就去湊熱鬧！下午 4 點後排隊人數會驟減，那時候去才划算，省時又省力～

🍄 瑪利歐園區美食顏值確實線上但味道一般，單純想出片的寶子建議少量點單打卡即可，沒必要為了口感踩雷多花錢

🚗 千萬別搭計程車或自駕！搭計程車不僅費用高，高峰期還容易塞車耽誤時間；自駕的話停車場離園區有距離，停車費也不便宜，大眾運輸才是CP值之王

💰 在園區購物滿 5500 日圓就可以拿發票去退稅啦，退稅點在出口左側的 Global Blue，看準藍色牌子，記得攜帶護照，商品標籤也不要拆，不然可就沒法享受退稅優惠囉

⚠️熱門項目排隊時間長，根據預算和想玩的項目提前預訂快速通關，節省排隊時間，玩更多項目。如果不想多花錢，又想玩得開心的姊妹，建議🏠管家服務，350元一個人，10-30分鐘左右一個，快速帶玩15個項目＋演出，服務8小時以上！重點能保證進任天堂喔～",22,3,0,1,79,False,https://www.threads.net/@usj_xiaoyu/post/DW0FlOXE36W,1775529363,2026-04-07 02:36:03+00:00,快速通關,2026-04-07,2026-04-07 10:36:03,True,False,主題樂園快速通關
3869732953988417437_67323734594,hohotravelgogogo,False,"8:35到胡志明新山機場（星宇航空～）
9:14順利過完關進到免稅店。
完全沒有買快速通關！一路順暢！",27,4,0,0,0,False,https://www.threads.net/@hohotravelgogogo/post/DW0DZ5yGked,1775528137,2026-04-07 02:15:37+00:00,快速通關,2026-04-07,2026-04-07 10:15:37,True,False,越南簽證/快速通關
3870561967258278478_63074439284,_ocho.z,False,去環球影城到底要vip快速通關還是地陪管家,58,40,1,0,52,False,https://www.threads.net/@_ocho.z/post/DW2_5ojkRpO,1775626964,2026-04-08 05:42:44+00:00,快速通關,2026-04-08,2026-04-08 13:42:44,True,False,主題樂園快速通關
3870776148216612673_75148800843,tai_yu0205,False,"有人4/9-4/11會去環球影城的嗎？
今天4/8過去，結果周遊券的爆米花桶&快速通關都被兌換完了🥲

上來問問有沒有人這期間會去，有需要的嗎
或是願意幫忙兌換爆米花桶 在大阪面交🙏🙏",1,0,0,0,1,False,https://www.threads.net/@tai_yu0205/post/DW3wmYHgYdB,1775652496,2026-04-08 12:48:16+00:00,快速通關,2026-04-08,2026-04-08 20:48:16,True,False,主題樂園快速通關
3870861366081553620_63142413421,coffeeismycolor_,False,"我在環球影城排了2小時🙂

結果前面的人
10分鐘就進去了

（我真的愣住）

同一個設施
同一天
同一時間

差別只有一個👇

👉 他有買快速通關
👉 我沒有

我那時候站在隊伍裡
真的有點後悔🙂

因為熱門設施
排2小時是正常的

而且排完一個
體力直接掉一半

—

後來才知道

很多人都是直接買👇
👉 門票＋快速通關

時間真的差很多

如果你要去
真的不要鐵齒🙂",7,5,0,0,3,False,https://www.threads.net/@coffeeismycolor_/post/DW4D-dcEwTU,1775662655,2026-04-08 15:37:35+00:00,快速通關,2026-04-08,2026-04-08 23:37:35,True,False,主題樂園快速通關
3870864552627811563_63073667589,unpoalticcia,False,"米蘭直擊最新出入境系統EES

就發生在今天早上米蘭時間約八點
接近入關口，就有就有工作人員引導，臺灣護照往左邊走。跟著圖示沿著走道，會來到一台一台機器，掃描護照、回答問題（可選中文版）、臉部拍照、留四指指引，接著就依照指示往外走，就會回到本來要入關的路線，繼續沿著臺灣護照的快速通關路線，就ok了！

但，在海關蓋章的前面，有可能遇到關口機器連線很慢的問題。我換了兩台機器才過！ 

可能是早上。還是很快速的就到行李輸送帶了！",162,27,1,0,143,False,https://www.threads.net/@unpoalticcia/post/DW4Es1JCDTr,1775663035,2026-04-08 15:43:55+00:00,快速通關,2026-04-08,2026-04-08 23:43:55,True,False,其他
3870713159578335108_64705132748,vivi07200,True,入境申請需要抵達前72小時線上填寫，ses快速通關不需要填寫表格,0,1,0,0,0,True,https://www.threads.net/@vivi07200/post/DW3iRxYGLeE,1775644987,2026-04-08 10:43:07+00:00,快速通關,2026-04-08,2026-04-08 18:43:07,True,False,其他
3870781234482470347_63142413421,coffeeismycolor_,False,"有沒有人去環球影城
門票看到直接放棄🙂

我剛剛幫大家整理好最簡單版本👇

👉 想省錢 → 基本門票
👉 想玩爽 → 快速通關

真的只要選這個就好",1,1,0,0,20,False,https://www.threads.net/@coffeeismycolor_/post/DW3xwZEk13L,1775653102,2026-04-08 12:58:22+00:00,快速通關,2026-04-08,2026-04-08 20:58:22,True,False,主題樂園快速通關
3871486024631662276_63331119985,ciaoyiciao,False,計劃7月中去大阪環球影城，各一位7歲和9歲兒童同行，因為擔心體力不夠，預計會買二日券，玩累了會回旁邊的飯店休息，請問二日遊的話有必要買快速通關嗎？ 謝謝,8,42,0,0,6,False,https://www.threads.net/@ciaoyiciao/post/DW6SAcDDzbE,1775737120,2026-04-09 12:18:40+00:00,快速通關,2026-04-09,2026-04-09 20:18:40,True,False,主題樂園快速通關
3871360814909322460_63074378824,qq_0508,False,"請問10月中去東京迪士尼會很多人嗎
因為有帶一個三歲小孩
是不是選陸地比較好呢！
有需要直接買快速通關嗎
或是怎麼買會比較不用排隊可以都玩到的
第一次去東京的迪士尼 求教學",12,28,0,0,0,False,https://www.threads.net/@qq_0508/post/DW51iZaCXTc,1775722194,2026-04-09 08:09:54+00:00,快速通關,2026-04-09,2026-04-09 16:09:54,True,False,主題樂園快速通關
3871446510949532485_63142413421,coffeeismycolor_,False,"去環球影城
其實會分兩種人👇

A：
👉 一直排隊
👉 一天玩5～6個設施
👉 累到不想動

B：
👉 幾乎不用排
👉 想玩的都玩到
👉 還有時間拍照

差別只有一個👇

👉 有沒有買「快速通關」

我上次去真的排到懷疑人生🙂
熱門設施幾乎都要1～2小時

但有快速通關的人
基本都直接進去玩

而且這個有一個很現實的點👇

👉 很常賣完
👉 現場不一定買得到

如果你已經要去大阪
真的先看👇（我幫你整理好入口）",3,3,0,0,3,False,https://www.threads.net/@coffeeismycolor_/post/DW6JBcEEoNF,1775732409,2026-04-09 11:00:09+00:00,快速通關,2026-04-09,2026-04-09 19:00:09,True,False,主題樂園快速通關
3848345429796796129_63440935691,ccccv__938,False,"有沒有人可以推薦日本大阪環球影城怎麼玩嗎
本人不買快速想直接買門票",248,82,26,0,481,False,https://www.threads.net/@ccccv__938/post/DVoEcdsCTbh,1772978546,2026-03-08 14:02:26+00:00,快速通關,2026-03-08,2026-03-08 22:02:26,True,False,其他
3871214983925822727_63484513055,an_____________________,False,"請問有人找過這間地陪嗎？
評價如何？",160,117,0,0,147,False,https://www.threads.net/@an_____________________/post/DW5UYRuEXUH,1775704809,2026-04-09 03:20:09+00:00,快速通關,2026-04-09,2026-04-09 11:20:09,True,False,其他
3871257781513435745_63457900205,moshe_0812,False,"回國前辦SES 發現他說效期5年
我護照2029就要過期 
換護照會不會影響SES嗎？
有脆友有經驗嗎？",41,15,0,0,9,False,https://www.threads.net/@moshe_0812/post/DW5eHEFEzph,1775709911,2026-04-09 04:45:11+00:00,快速通關,2026-04-09,2026-04-09 12:45:11,True,False,其他
3871603427647261497_68787052835,winforfoody,False,"4/9晚上10點半抵達曼谷機場
出關沒人排隊！
出關到拿行李只要20分鐘😱😱
滑順到以為自己買了快速通關✅",73,10,0,0,11,False,https://www.threads.net/@winforfoody/post/DW6ss4IGYs5,1775751115,2026-04-09 16:11:55+00:00,快速通關,2026-04-09,2026-04-10 00:11:55,True,False,泰國快速通關
3871426377535321997_65825705237,nanalove9898,False,"帶孩子來迪士尼，一天花了多少？

門票＋包車＋快速通關 快$26000

除了復活節貼紙，迪士尼還有「生日貼紙」、「初訪貼紙」、「小幫手貼紙」。 

到任何一個商店櫃檯，說「Sticker please」就會給

我們4月6日收集了8張不同款☺️

想精緻省時不崩潰玩法，
👉「收藏 轉發給你要去東京迪士尼朋友這支，去就用得到」

#張宸菱 #bynaa開運水晶 #米娜 #親子 #東京迪士尼",0,3,1,0,2,False,https://www.threads.net/@nanalove9898/post/DW6EcdXEfeN,1775730011,2026-04-09 10:20:11+00:00,快速通關,2026-04-09,2026-04-09 18:20:11,True,False,主題樂園快速通關
3871873836992648675_66563828138,andrew_h_story,False,"請問我這個環球影城快速通關券8…
有保證入場超級任天堂世界嗎？
（買完後緊張了一下）

因爲後來看到寫
並非保證入園🥹",4,3,0,0,1,False,https://www.threads.net/@andrew_h_story/post/DW7qL2dE1Xj,1775783351,2026-04-10 01:09:11+00:00,快速通關,2026-04-10,2026-04-10 09:09:11,True,False,主題樂園快速通關
3872454044460231159_68687478075,beyoung_hair,False,"解鎖🔓一個人也是第一次到大阪的環球影城玩～所以事先在IG找到預約地陪管家～她讓我一開始就先跑了8個熱門設施～還包含抽瑪利歐整理卷而且有的設施～還會幫忙拍照
但我買門票的時候有加買瑪利歐保證入場券～所以當天我直接進入2次任天堂～第一次先用地陪管家的QR進去玩設施～下午的時候再用自己買的保證入場券進去拍照拍得夠～
還有其他設施QR碼讓我直接走不用排很久的通道～（我猜想應該是快速通關的QR)
有想了解地陪管家的資訊，我會放在個人旅遊的IG帳號裡等上傳分享時候可以參考唷～

去日本的前三天都下雨，剛好我的環球本來就排在第四天～老天爺對我真好當天雨過天晴來一個大晴天😍
2026.4.2
#大阪環球影城
#環球地陪管家",7,1,0,0,3,False,https://www.threads.net/@beyoung_hair/post/DW9uG-xE6n3,1775852517,2026-04-10 20:21:57+00:00,快速通關,2026-04-10,2026-04-11 04:21:57,True,False,主題樂園快速通關
3872244954169904084_63284355415,stitch85211,False,"沒有買快速通關，上海迪士尼樂園玩到極致🔥

從早上8點一路玩到晚上11:30（購物到清場🤣）
真的直接燃燒體力

🎢 成功拿下：
巴斯光年星際營救（玩不懂 但只排5分鐘）
Tron急速光輪（超刺激好玩的摩托車型雲霄飛車）90分鐘
熱力追蹤（網上大推的動物方城市）120分鐘等到枯萎
加勒比海盜（超強特效大推👍）45分鐘
雷鳴山漂流（以為只是漂漂河 結果隱藏刺激片段 超驚豔）55分鐘
七個小矮人礦山車（在東京玩過 絕佳好評）70分鐘
抱抱龍沖天賽車（刺激版海盜船）30分鐘
噴氣背包飛行器（壓設施關閉前硬要多玩一個項目 結果不知道按鈕可以飛高高🫠）

這次0課金在快速通關上
直接電力耗盡🪫
但是上迪真的太貴了 快通貴 食物貴（烤雞腿450！？）
紀念品也貴貴😭🥹
建議要來的人帶滿食物❗️❗️❗️

#上海迪士尼 #上海迪士尼十週年 #達菲好朋友 #disneyresort",21,4,0,0,5,False,https://www.threads.net/@stitch85211/post/DW8-kUQmIvU,1775827591,2026-04-10 13:26:31+00:00,快速通關,2026-04-10,2026-04-10 21:26:31,True,False,主題樂園快速通關
3871980411539420770_63249758819,chmeat03,False,要被可愛死ㄌㅠㅠ,157,13,3,0,64,False,https://www.threads.net/@chmeat03/post/DW8CatvE_Zi,1775796055,2026-04-10 04:40:55+00:00,快速通關,2026-04-10,2026-04-10 12:40:55,True,False,其他
3871487736243383579_75992588364,jerry.f601203,False,我老同學開的（離題了）🤣,2,2,0,0,0,True,https://www.threads.net/@jerry.f601203/post/DW6SZWHEW0b,1775737324,2026-04-09 12:22:04+00:00,快速通關,2026-04-09,2026-04-09 20:22:04,True,False,其他
3872119607193091642_63407264259,_rene1029_,False,"日本留學生-闖關紀錄
①在留卡💳
機場下飛機後就到過海關那邊
拿出準備好的一疊資料，跟工作人員說是留學生，他就會直接給你快速通關帶到前面去，先壓完指紋後，就可以到專屬窗口辦理，但還是要稍稍排隊一下
然後換到你的時候，就把準備好的資料交給海關
等到在留卡印製好後會跟你一起確認在留卡上面你的資訊是否都正確。（基本上都沒問題）
②住民登入、國民健保、國民年金💰
辦理這三樣花費了7小時的時間，瘋狂等待
住民登入要在入境14天內完成，沒完成會被罰錢
一進去區役所內先填寫完一個表格後，工作人員會幫你抽號碼牌，然後等待叫號，叫到號後一樣會確認資訊，確認你是否一人居住等等，會把你的在留卡收走拿去把你的住址印製在背面。
印完地址後拿到在留卡才可以去樓上申請健保、年金（我等在留卡印地址等了2個多小時😵‍💫）
健保的部分一樣是要填寫申請書，但年金就沒有填寫
會跟你拿在留卡還有學生證，他們會需要影印，都確認好後，就會提供資格確認書（就是日本健保卡的概念），會給你一張薄薄的紙跟一個裝它的套子
國民年金要滿20以上才需要處理，學生身分可以減免不用收費用。
這些都是我來日本前很緊張的部分還好都順利完成了",28,2,0,0,8,False,https://www.threads.net/@_rene1029_/post/DW8iERykb46,1775812649,2026-04-10 09:17:29+00:00,快速通關,2026-04-10,2026-04-10 17:17:29,True,False,其他
3871926314538839743_75715541709,ansspa.co.kr,False,"第一次去峴港先記好

1 凌晨到機場沒那麼可怕
Grab 通常叫得到
換錢的地方有時也還有開

2 住宿福利要自己問
峴港是 220V 幾乎不用轉接頭
雨衣 雨傘 泳池 溫水池都先問

3 回程機場提早 3 小時到
快速通關很有感
最後一天排太久真的會直接累爆

4 機場物價先有心理準備
一個漢堡套餐可能就要 2 萬韓元左右
5 個人很容易破 10 萬韓元
先買好法國麵包最省
水和液體不能帶上機

5 換錢別隨便換
通常美金比較划算
先換越盾不太推薦

6 法國麵包初體驗先吃蛋口味
芒果大概抓 1 公斤 3 萬越盾
榴槤一定要在住宿外面吃
不然可能留下罰款

7 每天的旅遊疲勞交給 ANS SPA
CP 值高 力道夠 老師傅多
送的椰子咖啡 芒果冰沙也好喝

8 韓市場不要留到最後一天
一趕起來 殺價 驗貨 看尺寸都會亂掉
最後不是買貴就是買錯

#峴港旅行 #峴港旅遊攻略 #韓市場 #峴港按摩 #ANSSPA",3,1,0,0,5,False,https://www.threads.net/@ansspa.co.kr/post/DW72Hf-ky6_,1775789606,2026-04-10 02:53:26+00:00,快速通關,2026-04-10,2026-04-10 10:53:26,True,False,越南簽證/快速通關
3872049784337847190_77043000509,markchen_0917,False,"-
LA環球影城🇺🇸

還好買了快速通關
可以拍照 吃午餐
還可以玩到8項設施

但樂園行程真的不太適合我
從頭暈到尾🤢🤮
那個立體影像+晃動我真的扛不住😵‍💫

#環球影城 #universalstudioshollywood",32,0,0,0,0,False,https://www.threads.net/@markchen_0917/post/DW8SMOMFdOW,1775804325,2026-04-10 06:58:45+00:00,快速通關,2026-04-10,2026-04-10 14:58:45,True,False,主題樂園快速通關
3872763387810441578_63276635401,j_b_1_0_1_4,False,"雖然去了兩次
但每次還是想玩的都沒玩到😭
有人有加州迪士尼一日雙園沒買快速通關最佳攻略嗎 ？",0,3,0,0,0,False,https://www.threads.net/@j_b_1_0_1_4/post/DW-0chNlGlq,1775889393,2026-04-11 06:36:33+00:00,快速通關,2026-04-11,2026-04-11 14:36:33,True,False,主題樂園快速通關
3872994519730306886_63477048317,hlokkkting,False,"放2張5月2號嘅環球影城Fast Pass 4 - Flying Dinosaur & Jurassic Park
鷹馬飛行 12:40-13:10 x1
鷹馬飛行 15:20-15:50 x1
因為四個人去淨係搶到兩張￼￼ 所以放 有意PM🙏🏻🙌🏻",1,1,2,1,3,False,https://www.threads.net/@hlokkkting/post/DW_o_7ljz9G,1775916946,2026-04-11 14:15:46+00:00,快速通關,2026-04-11,2026-04-11 22:15:46,True,False,其他
3869229854890201885_63105494184,daughtttttry,False,"我有4/16的入園票2張+快速通關
如果妳剛好是這天要去可以考慮一下🥲（原價8800，賣4500求回血）",2,1,0,0,0,True,https://www.threads.net/@daughtttttry/post/DWyRA2PERMd,1775468163,2026-04-06 09:36:03+00:00,快速通關,2026-04-06,2026-04-06 17:36:03,True,False,其他
3873000815406022647_64298068387,leeyl_20,False,放環球影城fast pass￼‼️,1,0,0,0,0,False,https://www.threads.net/@leeyl_20/post/DW_qbi5Ev_3,1775917697,2026-04-11 14:28:17+00:00,快速通關,2026-04-11,2026-04-11 22:28:17,True,False,其他
3872986785777892523_63479399931,magiciniii,False,我快笑死 那我是可以快速通關日本還是韓國,0,5,0,0,0,False,https://www.threads.net/@magiciniii/post/DW_nPYyEryr,1775916024,2026-04-11 14:00:24+00:00,快速通關,2026-04-11,2026-04-11 22:00:24,True,False,其他
3872903078064780393_63124421474,hafhtaiwan,True,"去韓國的人先看！！！
台灣人現在可以在「入境前」辦韓國自動通關了 🇹🇼🇰🇷
再也不用大排長龍，快速入境把時間省下來
⠀⠀
申辦位置
🛃 仁川機場第 1 航廈 入境櫃檯
🛃 仁川機場第 2 航廈 入境櫃檯
只需要 2 分鐘就能辦好！馬上就能入境韓國✨
⠀⠀
（建議於現場詢問工作人員確認指定櫃檯的所在處）",570,28,69,3,912,False,https://www.threads.net/@hafhtaiwan/post/DW_UNR5kXRp,1775906046,2026-04-11 11:14:06+00:00,快速通關,2026-04-11,2026-04-11 19:14:06,True,False,其他
3872649919580977142_67745724716,peilun0610,False,"我陪阿嬤去榮總抽血好幾次了

原來高齡友善是85歲以上
我阿嬤92歲，直接快速通關😆

少排隊真的差很多❤️

#高齡友善 #陪診日常 #榮總",17,1,1,0,1,False,https://www.threads.net/@peilun0610/post/DW-apVsEbf2,1775875870,2026-04-11 02:51:10+00:00,快速通關,2026-04-11,2026-04-11 10:51:10,True,False,其他
3873743081148846858_74446069340,ona__my,False,"決定對自己好一點就決定一個人去遊樂園
整天都超開心！完全不會有孤獨感
不花錢買快速通關
只排Single Ride一天玩了9個設施
想休息就休 想發呆就發
唯一缺點可能就是沒有獨照🫣（不想麻煩別人",102,14,0,0,3,False,https://www.threads.net/@ona__my/post/DXCTM7vARMK,1776006182,2026-04-12 15:03:02+00:00,快速通關,2026-04-12,2026-04-12 23:03:02,True,False,其他
3873451619753653372_63243407050,lamjoleen,False,"《出》大阪環球影城 5/7的🎟️ Premium26門票

買錯日期🥲
一張原價$9590台幣  共4張
現出一張$7500台幣❗️

➡️ 「環球影城Premium 26」（或稱Express Pass Premium 26）是日本環球影城（USJ）推出的最高等級快速通關券，保證包含《超級任天堂世界》、《哈利波特》及《小小兵》等熱門園區的入場資格，並能暢玩包含瑪利歐賽車、哈利波特禁忌之旅、飛天翼龍（依版本）在內高達26項熱門設施，適合想要一天內瘋狂玩遍所有設施、不用排隊的尊榮遊客。」

❌不是詐騙
💛超愛環球影城，如果有需要我還可以給您們攻略！
希望可以出得掉💦謝謝💖",6,1,0,0,0,False,https://www.threads.net/@lamjoleen/post/DXBQ7nKE_R8,1775971437,2026-04-12 05:23:57+00:00,快速通關,2026-04-12,2026-04-12 13:23:57,True,False,主題樂園快速通關
3873520501985571819_63097465309,shai.dow,False,人行道變成他們的快速通關道嗎😂,8,3,0,0,0,False,https://www.threads.net/@shai.dow/post/DXBgl-vCvPr,1775979753,2026-04-12 07:42:33+00:00,快速通關,2026-04-12,2026-04-12 15:42:33,True,False,其他
3873727532512881380_64286275423,q91930,False,"美國行第一天
第一次看到四種天空
-
題外話
在台灣護照的晶片在快速通關就卡卡
到西雅圖轉機也一樣==
還好地勤們都好友善😭
當下還以為會被遣返 我真的不想要那麼快就坐兩趟飛機",17,1,0,0,0,False,https://www.threads.net/@q91930/post/DXCPqq8FKrk,1776004328,2026-04-12 14:32:08+00:00,快速通關,2026-04-12,2026-04-12 22:32:08,True,False,其他
3873469037037132453_63287224220,findingnemo.tw,False,"濟州島現在也可以在入境的地方辦理ses快速通關了
就在護照查驗之前的這個小櫃檯
兩次實測都是早上6點過後開始有人員辦理
但是只有一個人所以速度不快
請大家要有耐心等候
辦好之後就可以走右手標的自動通關機器囉
之後到韓國也不用填寫線上的電子入境申請
真的很方便喔

最後也再提醒一下，過了護照查驗之後還會檢查隨身包包是否有帶蔬果肉類等相關產品，所以記得要全部吃光光喔",4,0,0,0,10,False,https://www.threads.net/@findingnemo.tw/post/DXBU5EREpql,1775973514,2026-04-12 05:58:34+00:00,快速通關,2026-04-12,2026-04-12 13:58:34,True,False,其他
3872813298803167194_63086733112,ryanbb.1,False,"真的好想去韓國的楓之谷村！！！
聽說脆可以徵旅伴
真的有人願意帶我去韓國一趟嗎",13,26,0,0,9,False,https://www.threads.net/@ryanbb.1/post/DW-_y0ckk_a,1775895343,2026-04-11 08:15:43+00:00,快速通關,2026-04-11,2026-04-11 16:15:43,True,False,其他
3873738059695663383_67121239546,peggy_001,False,"今日晚上下班到來～我跟寶貝sawa坐火車到來了！
哈哈😄
#sawa表現真好～好奇到處看很多人～
#車票果然是對的！快速通關的概念哈哈😄
#初次夢到媽祖娘娘來找我，並夢到娘傘～今日來一趟～
再找一日跟家人來～
#115/04/12",13,3,0,0,0,False,https://www.threads.net/@peggy_001/post/DXCSD3JEikX,1776005583,2026-04-12 14:53:03+00:00,快速通關,2026-04-12,2026-04-12 22:53:03,True,False,其他
3874166797221558274_64230493346,lovemao_mao,False,"請問如果票價等級是C
快速通關要買幾項
如果要買快速通關 還需要找地陪嗎",5,7,0,0,8,False,https://www.threads.net/@lovemao_mao/post/DXDzi0FAPgC,1776056693,2026-04-13 05:04:53+00:00,快速通關,2026-04-13,2026-04-13 13:04:53,True,False,其他
3874234057718604225_69397627475,mosqui_toooooo,False,"一個人去大阪環球還需要快速通關嗎
（第二次出國就是獨旅 真的好緊張）",8,7,0,0,0,False,https://www.threads.net/@mosqui_toooooo/post/DXEC1lTCaHB,1776064711,2026-04-13 07:18:31+00:00,快速通關,2026-04-13,2026-04-13 15:18:31,True,False,其他
3874508519484138159_65079693290,howlen69,False,請問有沒有人跟我買一樣最頂的快速通關不限制場次時間premium ，想問一些細節,0,0,0,0,0,False,https://www.threads.net/@howlen69/post/DXFBPhvE6Kv,1776097429,2026-04-13 16:23:49+00:00,快速通關,2026-04-13,2026-04-14 00:23:49,True,False,其他
3874467925155874811_64230493346,lovemao_mao,False,"這邊是想玩的
請問快速通關有推薦怎麼買嗎
好像沒有剛好的組合",1,8,0,0,1,False,https://www.threads.net/@lovemao_mao/post/DXE4AzUj4f7,1776092590,2026-04-13 15:03:10+00:00,快速通關,2026-04-13,2026-04-13 23:03:10,True,False,其他
3874498286992707233_63260561105,ander_luke_0913,False,韓國快速通關SES 是走韓國人通道嗎？,3,2,0,0,0,False,https://www.threads.net/@ander_luke_0913/post/DXE-6n_D06h,1776096209,2026-04-13 16:03:29+00:00,快速通關,2026-04-13,2026-04-14 00:03:29,True,False,其他
3874215058402889521_68991996347,lin_yong_wei,False,"不想做功課、研究路線的話，建議直接花錢找地陪

我是自己在Facebook 社團潛水做功課兩個月左右，然後自己去日本官網買快通，自己規劃路線算時間",0,1,0,0,0,True,https://www.threads.net/@lin_yong_wei/post/DXD-hGzks8x,1776062446,2026-04-13 06:40:46+00:00,快速通關,2026-04-13,2026-04-13 14:40:46,True,False,其他
3875131997631237642_63464884962,do614,False,"第一次來大阪環球影城就很幸運⋆˚꩜｡
除了快速通關的設施以外其他設施也都排超級快‼️
幾乎把想玩的全都玩到了
還獲得超級無敵好天氣🌞
看到什麼都好想拍照🤳🏼

就算任天堂審核方真的超級無敵難搞我也還是愛🐭任天堂了！！

今日心情：無比開心🥳🌟

#usf #universal #osaka #japantravelphoto",16,0,0,0,0,False,https://www.threads.net/@do614/post/DXHPAVAj04K,1776171754,2026-04-14 13:02:34+00:00,快速通關,2026-04-14,2026-04-14 21:02:34,True,False,主題樂園快速通關
3875012975237348348_63261598609,tylinnetravel,False,"台灣的護照真的非常好用
到義大利可以直接走快速通關
雖然牆上的標示沒有標出來
我們也是工作人員告知才知道
直接省下至少1小時以上的排隊時間",29,3,0,0,61,False,https://www.threads.net/@tylinnetravel/post/DXGz8UxDTv8,1776157649,2026-04-14 09:07:29+00:00,快速通關,2026-04-14,2026-04-14 17:07:29,True,False,其他
3875297599348147694_63235990640,peijun_915,False,"大阪最開心的一天🥰
玩了好多好多設施 也花了好多好多錢🤣
（快速通關買起來(ง •̀_•́)ง）
沒事不要玩雲霄飛車 眼淚直接用噴的往後飛耶 會怕但又覺得好好玩😆

第三張的香菇忘記叫什麼名字 但她超級可愛很小一隻😍

任天堂園區內裡面超級多皮克敏⋯有興趣的一定要去尋找皮皮❤️",14,1,0,0,0,False,https://www.threads.net/@peijun_915/post/DXH0qJoEgXu,1776191495,2026-04-14 18:31:35+00:00,快速通關,2026-04-14,2026-04-15 02:31:35,True,False,主題樂園快速通關
3874831222102398964_63418698177,yehyeh.ni,True,"曼谷siam square 的超長滑水道

需要標記鼻通官方帳號至少2個
即可免費排隊玩一次

🎫 可快速通關：買鼻通商品！",200,8,3,1,215,False,https://www.threads.net/@yehyeh.ni/post/DXGKnd-AZf0,1776135992,2026-04-14 03:06:32+00:00,快速通關,2026-04-14,2026-04-14 11:06:32,True,False,泰國快速通關
3875075973859729253_63150477513,taisounds,False,"去日本餐廳不想排隊？
花錢買「快速通關」省時間
年輕人成最大客群
一半非高收入人士",2,1,0,0,0,False,https://www.threads.net/@taisounds/post/DXHCREzj19l,1776165075,2026-04-14 11:11:15+00:00,快速通關,2026-04-14,2026-04-14 19:11:15,True,False,其他
3875180927585055769_63283693636,jin_slink,False,"上週參加了SYNCHRONICITY’26
這是在澀谷舉辦的音樂祭
場地是由Live house組成的14 個舞台
想趁記憶猶新的時候先紀錄一下參加者體驗
順便給明年參加的人一個參考
先說 我非常推薦！🤲🏻
如果你喜歡瞪鞋、數學搖滾、City-Pop、Soul的話 這個音樂祭很適合你 
他們有開放海外購票，而且APP體驗十分友善
APP可以標記自己喜歡的artist，另一個頁面顯示出你的跑(ㄓㄨㄤˋ）團時間表（圖4、5）
“並且” 當天時間快到時，還會通知你📢（圖6）
揪甘心欸餒~~~",225,27,16,0,52,False,https://www.threads.net/@jin_slink/post/DXHaIWlE3QZ,1776177586,2026-04-14 14:39:46+00:00,快速通關,2026-04-14,2026-04-14 22:39:46,True,False,其他
3875118555473742604_63430991511,annieyouwant,False,"#環球vip3解鎖 
孩子的第一次玩環球🌍
謝謝老公安排8hr VIP行程
領隊大叔完全滿足我們玩樂之心
十幾個超夯遊戲+4個卡通人物拍照景點
他心裡一定想：ㄎㄅ😑怎那麼多遊戲要衝 牙敗～
我們完全不用排隊（比快速通關還要通）直接玩
還有中餐+晚餐+休息室，真的太值得了

#日本環球影城 #環球vip #親子出國 #大阪",2,0,0,0,0,False,https://www.threads.net/@annieyouwant/post/DXHL8uBiYsM,1776170151,2026-04-14 12:35:51+00:00,快速通關,2026-04-14,2026-04-14 20:35:51,True,False,主題樂園快速通關
3875160995790799027_75287045356,trip_food_tw,False,"2026/04/14 B票 開園時間9:00-19:00
從JR 新今宮站到西九條站
轉夢咲線到環球城站下車
在門口拍照
9:20入園 
入園後再門口爆米花攤換了星星爆米花桶
依序玩了看了 
太空幻想列車
Kuromi現場表演
跟小小兵拍照
小小兵瘋狂乘車遊
侏羅紀公園乘船遊
12:30水世界
13:00 有預約JCB貴賓室 
飛天翼龍
14:00 遊行
好萊塢美夢乘車遊
跟菲力貓拍照
瑪利歐賽車～庫巴的挑戰書
咚奇剛的瘋狂列車
跟奇諾比奧拍照
（耀西都不跟我拍照、碧姬公主排隊結束）
沒有買快速通關",16,5,0,0,13,False,https://www.threads.net/@trip_food_tw/post/DXHVmTpj0Cz,1776175210,2026-04-14 14:00:10+00:00,快速通關,2026-04-14,2026-04-14 22:00:10,True,False,其他
3874915524300228274_63153670966,mileshuang1122,True,"影片以韓國仁川機場為例，先講結論：
🔸今年開始，如果你是在韓國時間早上7點至晚上10點抵達仁川第一航廈，會有人在入境處引導你直接辦好SES。
🔸第二航廈時間些許不同：
• A區：24 小時
• F 區：05:00 – 22:00
以上時間可以直接入境時辦理～

-

我是2025年辦的，也就是在影片介紹的地方，可辦理時間為早上7點至晚上6點，如果回程提早到機場還有時間的話，可以先去辦好，下次凌晨抵達韓國也能好蒿爽爽，不用排！

🔺 SeS (Smart Entry Service) 是韓國政府為非韓國籍旅客提供的免費「自動出入境審查系統」。旅客完成指紋與人臉註冊後，即可享用 10-15 秒快速通關服務，免去漫長的人工排隊，且不需要再填寫紙本入境卡，反正就是快，不用排隊就是爽。",130,3,14,1,286,False,https://www.threads.net/@mileshuang1122/post/DXGdyOgj8ay,1776145950,2026-04-14 05:52:30+00:00,快速通關,2026-04-14,2026-04-14 13:52:30,True,False,其他
3875494359114666635_64230493346,lovemao_mao,False,"有人有在klook買快速通關嗎
想要退掉 重新買另外一個
結果客服不給退
有人有成功退的嗎",0,0,0,0,0,False,https://www.threads.net/@lovemao_mao/post/DXIhZYcD1KL,1776214950,2026-04-15 01:02:30+00:00,快速通關,2026-04-15,2026-04-15 09:02:30,True,False,其他
3875668992744579512_63333184324,marukou_u,False,"絕對不會在意提前買了快速通關
結果雨太大設施都關閉
畢竟不是每個人都能get同款環球雨衣🙂",3,0,0,0,0,False,https://www.threads.net/@marukou_u/post/DXJJGoriWG4,1776235768,2026-04-15 06:49:28+00:00,快速通關,2026-04-15,2026-04-15 14:49:28,True,False,其他
3875274777402008571_63383635652,bluegtv,False,累積日航JGC 資格,9,1,0,0,0,True,https://www.threads.net/@bluegtv/post/DXHveDCE-P7,1776188774,2026-04-14 17:46:14+00:00,快速通關,2026-04-14,2026-04-15 01:46:14,True,False,其他
3875600072880816093_63121319767,joeycheung_1102,False,"想問出境也需要再登記EES嗎？

看到網上有人說出境也是要排好幾個小時.. 我之後會在哥本哈根經芬蘭轉機飛香港，想問要在哥本哈根辦理出境EES還是芬蘭啊，我轉機時間很短，怕來不及TT",0,1,0,0,0,True,https://www.threads.net/@joeycheung_1102/post/DXI5buDif_d,1776227553,2026-04-15 04:32:33+00:00,快速通關,2026-04-15,2026-04-15 12:32:33,True,False,其他
3875522618212972264_77350996391,globaltraveltv1,False,"星盟貴賓室暢遊：長榮金卡兩年不用保級
HKD:3200一位
27座星盟休息室快速進 躺在平地上，轉機吃滷肉飯喝奶茶，爽到想去！ 出發出行秒通關：專屬報到+優先旅行/取行李再也不用在機場排隊消費時間，社會恐懼+趕飛機星人救星！ 任行李性裝：額外1件行李+重量升級出國購物買滿行李箱，再也不用算重量了！ 達到多拿25%換免費機票、升商務艙，越飛越省越划算！ 全球通用：27座星盟航空司金卡待遇全涵蓋商務出差、度假旅行，走到哪裡都是VIP待遇！",4,4,0,0,2,False,https://www.threads.net/@globaltraveltv1/post/DXIn0mxk3bo,1776218319,2026-04-15 01:58:39+00:00,快速通關,2026-04-15,2026-04-15 09:58:39,True,False,其他
